Accarino, ,, ,, ,,Accarino   ,,Alexandria
Accornerio, ,, ,, ,,Accornerio   ,,
Adorno, ,,,, ,,Adorno  ,,
Adret, ,, ,, ,,Adret   ,,
Aicardo, ,, ,, ,,Aicardo   ,,
Aimario, ,, ,, ,,Aimario   ,,
Albiac, ,, ,, ,,Albiac   ,,
Alessio, ,, ,, ,,Alessio   ,,
Aliberto, ,, ,, ,,Aliberto   ,,
Aliprando, ,, ,, ,,Aliprando   ,,
Altovito, ,, ,, ,,Altovito   ,,
Ameto, ,, ,, ,,Ameto   ,,
Amicone, ,, ,, ,,Amicone   ,,
Anfosso, ,,,, ,,Anfosso  ,,
Aragno, ,, ,, ,,Aragno   ,,
Arangio, ,, ,, ,,Arangio   ,,
Arbicone, ,, ,, ,,Arbicone   ,,
Ardimento, ,, ,, ,,Ardimento   ,,
Ardissone, ,, ,, ,,Ardissone   ,,
Arena, ,, ,, ,,Arena   ,,
Arrigone, ,, ,, ,,Arrigone   ,,
Asoharda, ,, ,, ,,Asoharda   ,,
Aspirano, ,, ,, ,,Aspirano   ,,
Assereto, ,,,, ,,Assereto  ,,
Asserio, ,, ,, ,,Asserio   ,,
Aucreto, ,, ,, ,,Aucreto   ,,
Aurego, ,, ,, ,,Aurego   ,,
Avondo, ,, ,, ,,Avondo   ,,
Axinela, ,, ,, ,,Axinela   ,,
Baciadonne, ,, ,, ,,Baciadonne   ,,
Bacigalupo, ,,,, ,,Bacigalupo  ,,
Bacigalupo, ,, ,, ,,Bacigalupo   ,,
Bacosterio, ,, ,, ,,Bacosterio   ,,
Badano, ,, ,, ,,Badano   ,,
Badinella, ,, ,, ,,Badinella   ,,
Bagnara, ,, ,, ,,Bagnara   ,,
Baiemo, ,, ,, ,,Baiemo   ,,
Balbo, ,, ,, ,,Balbo   ,,
Banca, ,, ,, ,,Banca   ,,
Banchero, ,, ,, ,,Banchero   ,,
Banchero, ,, ,, ,,Banchero   ,,
Bandino, ,, ,, ,,Bandino   ,,
Barabino, ,, ,, ,,Barabino   ,,
Barbagelata, ,, ,, ,,Barbagelata   ,,
Barbaro, ,, ,, ,,Barbaro   ,,
Barbavaria, ,, ,, ,,Barbavaria   ,,
Barissone, ,, ,, ,,Barissone   ,,
Barnello, ,, ,, ,,Barnello   ,,
Baroncio, ,, ,, ,,Baroncio   ,,
Basadonna, ,, ,, ,,Basadonna   ,,
Basso, ,, ,, ,,Basso   ,,
Battalia, ,, ,, ,,Battalia   ,,
Bava, ,, ,, ,,Bava   ,,
Bavastrello, ,, ,, ,,Bavastrello   ,,
Bazurro, ,, ,, ,,Bazurro   ,,
Becchignone, ,, ,, ,,Becchignone   ,,
Beffignano, ,, ,, ,,Beffignano   ,,
Begazio, ,, ,, ,,Begazio   ,,
Belengerio, ,, ,, ,,Belengerio   ,,
Belforte, ,, ,, ,,Belforte   ,,
Belgodere, ,, ,, ,,Belgodere   ,,
Belinzo, ,, ,, ,,Belinzo   ,,
Beltrame, ,, ,, ,,Beltrame   ,,
Belviso, ,, ,, ,,Belviso   ,,
Bencio, ,, ,, ,,Bencio   ,,
Benegassio, ,, ,, ,,Benegassio   ,,
Beorcio, ,, ,, ,,Beorcio   ,,
Bercaneca, ,, ,, ,,Bercaneca   ,,
Berchoano, ,, ,, ,,Berchoano   ,,
Bergoncio, ,, ,, ,,Bergoncio   ,,
Berlenda, ,, ,, ,,Berlenda   ,,
Bernabò, ,, ,, ,,Bernabò   ,,
Bernisone, ,, ,, ,,Bernisone   ,,
Berrino, ,, ,, ,,Berrino   ,,
Bertolotto, ,, ,, ,,Bertolotto   ,,
Bertonasso, ,, ,, ,,Bertonasso   ,,
Bertorino, ,, ,, ,,Bertorino   ,,
Beso, ,, ,, ,,Beso   ,,
Biancardo, ,, ,, ,,Biancardo   ,,
Bibia, ,,,, ,,Bibia  ,,
Bico, ,, ,, ,,Bico   ,,
Bigna, ,, ,, ,,Bigna   ,,
Bignono, ,, ,, ,,Bignono   ,,
Bione, ,, ,, ,,Bione   ,,
Bisaccia, ,, ,, ,,Bisaccia   ,,
Bocca, ,, ,, ,,Bocca   ,,
Boccaccio, ,, ,, ,,Boccaccio   ,,
Boccafò, ,, ,, ,,Boccafò   ,,
Boccalecca, ,, ,, ,,Boccalecca   ,,
Boccanegra, ,, ,, ,,Boccanegra   ,,
Boccone, ,, ,, ,,Boccone   ,,
Bochino, ,, ,, ,,Bochino   ,,
Boecio, ,, ,, ,,Boecio   ,,
Bogatto, ,, ,, ,,Bogatto   ,,
Bogia, ,, ,, ,,Bogia   ,,
Bogiolo, ,, ,, ,,Bogiolo   ,,
Boiardo, ,, ,, ,,Boiardo   ,,
Boide, ,, ,, ,,Boide   ,,
Boiolo, ,, ,, ,,Boiolo   ,,
Boirado, ,, ,, ,,Boirado   ,,
Bolano, ,, ,, ,,Bolano   ,,
Bonaspina, ,, ,, ,,Bonaspina   ,,
Bonaventura, ,, ,, ,,Bonaventura   ,,
Bonconte, ,, ,, ,,Bonconte   ,,
Bondenario, ,, ,, ,,Bondenario   ,,
Boneto, ,, ,, ,,Boneto   ,,
Bonfilio, ,, ,, ,,Bonfilio   ,,
Bonicane, ,, ,, ,,Bonicane   ,,
Bonivento, ,, ,, ,,Bonivento   ,,
Bono, ,, ,, ,,Bono   ,,
Bonsostegno, ,, ,, ,,Bonsostegno   ,,
Bonvino, ,, ,, ,,Bonvino   ,,
Bordino, ,, ,, ,,Bordino   ,,
Borello, ,, ,, ,,Borello   ,,
Borgarello, ,, ,, ,,Borgarello   ,,
Borromeo, ,, ,, ,,Borromeo   ,,
Borsotto, ,, ,, ,,Borsotto   ,,
Bosio, ,, ,, ,,Bosio   ,,
Bosono, ,, ,, ,,Bosono   ,,
Botto, ,,,, ,,Botto  ,,
Boverio, ,, ,, ,,Boverio   ,,
Boveto, ,, ,, ,,Boveto   ,,
Bozano, ,, ,, ,,Bozano   ,,
Bracelli, ,, ,, ,,Bracelli   ,,
Brando, ,, ,, ,,Brando   ,,
Bregadano, ,, ,, ,,Bregadano   ,,
Bresano, ,, ,, ,,Bresano   ,,
Brignole, ,,,, ,,Brignole  ,,
Bruna, ,, ,, ,,Bruna   ,,
Brusaca, ,, ,, ,,Brusaca   ,,
Bulla, ,, ,, ,,Bulla   ,,
Burgaro, ,, ,, ,,Burgaro   ,,
Burgensio, ,, ,, ,,Burgensio   ,,
Burnengo, ,, ,, ,,Burnengo   ,,
Burone, ,, ,, ,,Burone   ,,
Buscaino, ,, ,, ,,Buscaino   ,,
Bustarino, ,, ,, ,,Bustarino   ,,
Buzalino, ,, ,, ,,Buzalino   ,,
Cacia, ,, ,, ,,Cacia   ,,
Cademartoro, ,, ,, ,,Cademartoro   ,,
Caffarello, ,, ,, ,,Caffarello   ,,
Caffarena, ,, ,, ,,Caffarena   ,,
Caffarena, ,, ,, ,,Caffarena   ,,
Caffarotto, ,, ,, ,,Caffarotto   ,,
Caffarotto, ,, ,, ,,Caffarotto   ,,
Caffarotto, ,, ,, ,,Caffarotto   ,,
Cagnisar, ,, ,, ,,Cagnisar   ,,
Calcine, ,, ,, ,,Calcine   ,,
Caldera, ,, ,, ,,Caldera   ,,
Calerio, ,, ,, ,,Calerio   ,,
Calissano, ,, ,, ,,Calissano   ,,
Calvaro, ,, ,, ,,Calvaro   ,,
Calvo, ,,,, ,,Calvo  ,,
Camilla, ,, ,, ,,Camilla   ,,
Campanario, ,, ,, ,,Campanario   ,,
Campofregoso, ,,,, ,,Campofregoso  ,,
Camponaro, ,, ,, ,,Camponaro   ,,
Cancellerio, ,, ,, ,,Cancellerio   ,,
Canella, ,, ,, ,,Canella   ,,
Caneva, ,, ,, ,,Caneva   ,,
Cantalupo, ,, ,, ,,Cantalupo   ,,
Cantello, ,, ,, ,,Cantello   ,,
Capareggia, ,, ,, ,,Capareggia   ,,
Cape, ,, ,, ,,Cape   ,,
Capello, ,, ,, ,,Capello   ,,
Capsicio, ,, ,, ,,Capsicio   ,,
Capurro, ,, ,, ,,Capurro   ,,
Carbone, ,, ,, ,,Carbone   ,,
Cardeluxis, ,, ,, ,,Cardeluxis   ,,
Cardinale, ,, ,, ,,Cardinale   ,,
Carena, ,, ,, ,,Carena   ,,
Carezza, ,, ,, ,,Carezza   ,,
Cariotta, ,, ,, ,,Cariotta   ,,
Carleto, ,, ,, ,,Carleto   ,,
Carlevario, ,, ,, ,,Carlevario   ,,
Carlevarotto, ,, ,, ,,Carlevarotto   ,,
Carnio, ,, ,, ,,Carnio   ,,
Carpenino, ,, ,, ,,Carpenino   ,,
Carrega,,, ,, ,,Carrega  ,,
Cartagenia, ,, ,, ,,Cartagenia   ,,
Casaldayguila, ,, ,, ,,Casaldayguila   ,,
Casandra, ,, ,, ,,Casandra   ,,
Casaneria, ,, ,, ,,Casaneria   ,,
Casanova, ,, ,, ,,Casanova   ,,
Casella, ,, ,, ,,Casella   ,,
Cassana, ,, ,, ,,Cassana   ,,
Cassiccio, ,, ,, ,,Cassiccio   ,,
Castagna, ,, ,, ,,Castagna   ,,
Castagnola, ,, ,, ,,Castagnola   ,,
Castrovetere, ,, ,, ,,Castrovetere   ,,
Catrinello, ,, ,, ,,Catrinello   ,,
Cattaidolo, ,, ,, ,,Cattaidolo   ,,
Cattaneo, ,,,, ,,Cattaneo  ,,
Cavacia, ,, ,, ,,Cavacia   ,,
Cavallo, ,, ,, ,,Cavallo   ,,
Cavalorto, ,, ,, ,,Cavalorto   ,,
Cavassa, ,, ,, ,,Cavassa   ,,
Cavatia, ,,,, ,,Cavatia  ,,
Cazolino, ,, ,, ,,Cazolino   ,,
Cebà, ,, ,, ,,Cebà   ,,
Celesia, ,, ,, ,,Celesia   ,,
Centurione, ,,,, ,,Centurione  ,,
Cerrino, ,, ,, ,,Cerrino   ,,
Cessaburges, ,, ,, ,,Cessaburges   ,,
Chaveslo, ,, ,, ,,Chaveslo   ,,
Chiapparotta, ,, ,, ,,Chiapparotta   ,,
Chiappella, ,, ,, ,,Chiappella   ,,
Chiarella, ,, ,, ,,Chiarella   ,,
Cibo, ,,,, ,,Cibo  ,,
Cicala, ,,,, ,,Cicala  ,,
Cicero, ,, ,, ,,Cicero   ,,
Cicogna, ,, ,, ,,Cicogna   ,,
Cimamarino, ,, ,, ,,Cimamarino   ,,
Clavaricia, ,, ,, ,,Clavaricia   ,,
Clavezana, ,, ,, ,,Clavezana   ,,
Coccio, ,, ,, ,,Coccio   ,,
Coda, ,, ,, ,,Coda   ,,
Collo, ,, ,, ,,Collo   ,,
Comberceto, ,, ,, ,,Comberceto   ,,
Comunale, ,, ,, ,,Comunale   ,,
Contarino, ,, ,, ,,Contarino   ,,
Conte, ,, ,, ,,Conte   ,,
Copula, ,, ,, ,,Copula   ,,
Coretto, ,, ,, ,,Coretto   ,,
Corsanego, ,, ,, ,,Corsanego   ,,
Corsario, ,, ,, ,,Corsario   ,,
Corso, ,, ,, ,,Corso   ,,
Corte, ,, ,, ,,Corte   ,,
Cortesio, ,, ,, ,,Cortesio   ,,
Corvo, ,, ,, ,,Corvo   ,,
Cosio, ,, ,, ,,Cosio   ,,
Costa, ,,,, ,,Costa  ,,
Crescia, ,, ,, ,,Crescia   ,,
Crespo, ,, ,, ,,Crespo   ,,
Crispiano, ,, ,, ,,Crispiano   ,,
Crispo, ,, ,, ,,Crispo   ,,
Crosa, ,, ,, ,,Crosa   ,,
Curleto, ,, ,, ,,Curleto   ,,
Dala, ,, ,, ,,Dala   ,,
Dalman, ,, ,, ,,Dalman   ,,
Dalmatio, ,, ,, ,,Dalmatio   ,,
Damiardo, ,, ,, ,,Damiardo   ,,
Dancema, ,, ,, ,,Dancema   ,,
Dando, ,, ,, ,,Dando   ,,
de, ,Abbatibus, ,, ,,de Abbatibus  ,,
de, ,Accurso, ,, ,,de Accurso  ,,
de, ,Acqua, ,, ,,de Acqua  ,,
de, ,Acquafrigida, ,, ,,de Acquafrigida  ,,
de, ,Agnola, ,, ,,de Agnola  ,,
de, ,Airolo, ,, ,,de Airolo  ,,
de, ,Albareto, ,, ,,de Albareto  ,,
de, ,Albario,,, ,,de Albario ,,
de, ,Albertis, ,, ,,de Albertis  ,,
de, ,Albingana, ,, ,,de Albingana  ,,
de, ,Albizzi, ,, ,,de Albizzi  ,,
de, ,Albulis, ,, ,,de Albulis  ,,
de, ,Alexandria, ,, ,,de Alexandria  ,,
de, ,Alferiis, ,, ,,de Alferiis  ,,
de, ,Algario, ,, ,,de Algario  ,,
de, ,Alla, ,, ,,de Alla  ,,
de, ,Allegro, ,, ,,de Allegro  ,,
de, ,Almano, ,, ,,de Almano  ,,
de, ,Alsario, ,, ,,de Alsario  ,,
de, ,Altare, ,, ,,de Altare  ,,
de, ,Alzate, ,, ,,de Alzate  ,,
de, ,Amandola, ,, ,,de Amandola  ,,
de, ,Amatis, ,, ,,de Amatis  ,,
de, ,Amico, ,, ,,de Amico  ,,
de, ,Amido, ,, ,,de Amido  ,,
de, ,Amore, ,, ,,de Amore  ,,
de, ,Ancisa, ,, ,,de Ancisa  ,,
de, ,Ancona, ,, ,,de Ancona  ,,
de, ,Andoia, ,, ,,de Andoia  ,,
de, ,Andoria, ,, ,,de Andoria  ,,
de, ,Andrea, ,, ,,de Andrea  ,,
de, ,Angelo, ,, ,,de Angelo  ,,
de, ,Anglis, ,, ,,de Anglis  ,,
de, ,Appiano, ,, ,,de Appiano  ,,
de, ,Arata, ,, ,,de Arata  ,,
de, ,Argiroffo, ,, ,,de Argiroffo  ,,
de, ,Aricia, ,, ,,de Aricia  ,,
de, ,Arivolta, ,, ,,de Arivolta  ,,
de, ,Arnoldis, ,, ,,de Arnoldis  ,,
de, ,Artago, ,, ,,de Artago  ,,
de, ,Arzile, ,, ,,de Arzile  ,,
de, ,Asario, ,, ,,de Asario  ,,
de, ,Ascendis, ,, ,,de Ascendis  ,,
de, ,Aschoeta, ,, ,,de Aschoeta  ,,
de, ,Assalto, ,, ,,de Assalto  ,,
de, ,Astis, ,, ,,de Astis  ,,
de, ,Astue, ,, ,,de Astue  ,,
de, ,Aucello, ,, ,,de Aucello  ,,
de, ,Augustana, ,, ,,de Augustana  ,,
de, ,Aurigo, ,, ,,de Aurigo  ,,
de, ,Avancino, ,, ,,de Avancino  ,,
de, ,Averaria, ,, ,,de Averaria  ,,
de, ,Balestrino, ,, ,,de Balestrino  ,,
de, ,Baliano, ,, ,,de Baliano  ,,
de, ,Barbavaria, ,, ,,de Barbavaria  ,,
de, ,Bardis, ,, ,,de Bardis  ,,
de, ,Bargalio, ,, ,,de Bargalio  ,,
de, ,Bargono, ,, ,,de Bargono  ,,
de, ,Bartolomeo, ,, ,,de Bartolomeo  ,,
de, ,Bassignana, ,, ,,de Bassignana  ,,
de, ,Basulto, ,, ,,de Basulto  ,,
de, ,Battizato, ,, ,,de Battizato  ,,
de, ,Bavalo, ,, ,,de Bavalo  ,,
de, ,Beato, ,, ,,de Beato  ,,
de, ,Becallo, ,, ,,de Becallo  ,,
de, ,Bederio, ,, ,,de Bederio  ,,
de, ,Belignano, ,, ,,de Belignano  ,,
de, ,Belleciono, ,, ,,de Belleciono  ,,
de, ,Belprato, ,, ,,de Belprato  ,,
de, ,Ben, ,, ,,de Ben  ,,
de, ,Benamà, ,, ,,de Benamà  ,,
de, ,Benedictis, ,, ,,de Benedictis  ,,
de, ,Benigassio, ,, ,,de Benigassio  ,,
de, ,Benisia, ,, ,,de Benisia  ,,
de, ,Bennato, ,, ,,de Bennato  ,,
de, ,Berardis, ,, ,,de Berardis  ,,
de, ,Bergalio, ,, ,,de Bergalio  ,,
de, ,Bergamo, ,, ,,de Bergamo  ,,
de, ,Bernardis, ,, ,,de Bernardis  ,,
de, ,Bertramino, ,, ,,de Bertramino  ,,
de, ,Bessignano, ,, ,,de Bessignano  ,,
de, ,Bessignano, ,, ,,de Bessignano  ,,
de, ,Bilbao, ,, ,,de Bilbao  ,,
de, ,Bisanne, ,, ,,de Bisanne  ,,
de, ,Blanchis,,, ,,de Blanchis ,,
de, ,Blaxia, ,, ,,de Blaxia  ,,
de, ,Bobbio,,, ,,de Bobbio ,,
de, ,Boianis, ,, ,,de Boianis  ,,
de, ,Bonavei, ,, ,,de Bonavei  ,,
de, ,Bonavia, ,, ,,de Bonavia  ,,
de, ,Bonifacio,,, ,,de Bonifacio ,,
de, ,Bonis, ,, ,,de Bonis  ,,
de, ,Bonizo, ,, ,,de Bonizo  ,,
de, ,Borlasca, ,, ,,de Borlasca  ,,
de, ,Bosco, ,, ,,de Bosco  ,,
de, ,Boscolis, ,, ,,de Boscolis  ,,
de, ,Bousquet, ,, ,,de Bousquet  ,,
de, ,Bozzolo, ,, ,,de Bozzolo  ,,
de, ,Brelia, ,, ,,de Brelia  ,,
de, ,Brevei,,, ,,de Brevei ,,
de, ,Bruges, ,, ,,de Bruges  ,,
de, ,Burgo,,, ,,de Burgo ,,
de, ,Buzalla, ,, ,,de Buzalla  ,,
de, ,Byach, ,, ,,de Byach  ,,
de, ,Cabella,,, ,,de Cabella ,,
de, ,Cadano, ,, ,,de Cadano  ,,
de, ,Cairo, ,, ,,de Cairo  ,,
de, ,Caito, ,, ,,de Caito  ,,
de, ,Calestano, ,, ,,de Calestano  ,,
de, ,Calignano, ,, ,,de Calignano  ,,
de, ,Cambio, ,, ,,de Cambio  ,,
de, ,Camera, ,, ,,de Camera  ,,
de, ,Camino, ,, ,,de Camino  ,,
de, ,Campelio, ,, ,,de Campelio  ,,
de, ,Campenago, ,, ,,de Campenago  ,,
de, ,Campionibus, ,, ,,de Campionibus  ,,
de, ,Campis, ,, ,,de Campis  ,,
de, ,Campomorono, ,, ,,de Campomorono  ,,
de, ,Camponestaxio, ,, ,,de Camponestaxio  ,,
de, ,Camuliano, ,, ,,de Camuliano  ,,
de, ,Camulio,,, ,,de Camulio ,,
de, ,Canalis, ,, ,,de Canalis  ,,
de, ,Cancelleriis, ,, ,,de Cancelleriis  ,,
de, ,Candeasco, ,, ,,de Candeasco  ,,
de, ,Caneto, ,, ,,de Caneto  ,,
de, ,Canevalis, ,, ,,de Canevalis  ,,
de, ,Canicia, ,, ,,de Canicia  ,,
de, ,Canobio, ,, ,,de Canobio  ,,
de, ,Canturio, ,, ,,de Canturio  ,,
de, ,Capale, ,, ,,de Capale  ,,
de, ,Capeletto, ,, ,,de Capeletto  ,,
de, ,Caponego, ,, ,,de Caponego  ,,
de, ,Capriata, ,, ,,de Capriata  ,,
de, ,Carbonara, ,, ,,de Carbonara  ,,
de, ,Carexeto, ,, ,,de Carexeto  ,,
de, ,Carlo, ,, ,,de Carlo  ,,
de, ,Carmagnola, ,, ,,de Carmagnola  ,,
de, ,Carmandino, ,, ,,de Carmandino  ,,
de, ,Carmo, ,, ,,de Carmo  ,,
de, ,Caro, ,, ,,de Caro  ,,
de, ,Carpeneto, ,, ,,de Carpeneto  ,,
de, ,Carpina, ,, ,,de Carpina  ,,
de, ,Carretto,,, ,,de Carretto ,,
de, ,Casaldaguila, ,, ,,de Casaldaguila  ,,
de, ,Casale, ,, ,,de Casale  ,,
de, ,Casamavaro, ,, ,,de Casamavaro  ,,
de, ,Casaretto, ,, ,,de Casaretto  ,,
de, ,Cassina, ,, ,,de Cassina  ,,
de, ,Cassotana, ,, ,,de Cassotana  ,,
de, ,Castelaccio, ,, ,,de Castelaccio  ,,
de, ,Casteletto, ,, ,,de Casteletto  ,,
de, ,Castellana, ,, ,,de Castellana  ,,
de, ,Castellana, ,, ,,de Castellana  ,,
de, ,Castello, ,, ,,de Castello  ,,
de, ,Castilegia, ,, ,,de Castilegia  ,,
de, ,Castiliono, ,, ,,de Castiliono  ,,
de, ,Castro, ,, ,,de Castro  ,,
de, ,Castronovo, ,, ,,de Castronovo  ,,
de, ,Cavero, ,, ,,de Cavero  ,,
de, ,Cavo, ,, ,,de Cavo  ,,
de, ,Cazerio, ,, ,,de Cazerio  ,,
de, ,Celexola, ,, ,,de Celexola  ,,
de, ,Cella, ,, ,,de Cella  ,,
de, ,Celle, ,, ,,de Celle  ,,
de, ,Cerago, ,, ,,de Cerago  ,,
de, ,Cernello, ,, ,,de Cernello  ,,
de, ,Ceva, ,, ,,de Ceva  ,,
de, ,Chio, ,, ,,de Chio  ,,
de, ,Ciba, ,, ,,de Ciba  ,,
de, ,Cicliano, ,, ,,de Cicliano  ,,
de, ,Circulis, ,, ,,de Circulis  ,,
de, ,Clapis, ,, ,,de Clapis  ,,
de, ,Clavaro,,, ,,de Clavaro ,,
de, ,Clavica, ,, ,,de Clavica  ,,
de, ,Clerano, ,, ,,de Clerano  ,,
de, ,Cogoleto, ,, ,,de Cogoleto  ,,
de, ,Columnis, ,, ,,de Columnis  ,,
de, ,Compagnone, ,, ,,de Compagnone  ,,
de, ,Compiano, ,, ,,de Compiano  ,,
de, ,Comunalis, ,, ,,de Comunalis  ,,
de, ,Contreras, ,, ,,de Contreras  ,,
de, ,Corexio, ,, ,,de Corexio  ,,
de, ,Corio, ,, ,,de Corio  ,,
de, ,Coronato,,, ,,de Coronato ,,
de, ,Corpelo, ,, ,,de Corpelo  ,,
de, ,Corvaria, ,, ,,de Corvaria  ,,
de, ,Credenza, ,, ,,de Credenza  ,,
de, ,Cremona, ,, ,,de Cremona  ,,
de, ,Crivellis, ,, ,,de Crivellis  ,,
de, ,Crovaria, ,, ,,de Crovaria  ,,
de, ,Cruce,,, ,,de Cruce ,,
de, ,Crugnono, ,, ,,de Crugnono  ,,
de, ,Cruxilia, ,, ,,de Cruxilia  ,,
de, ,Cucurno, ,, ,,de Cucurno  ,,
de, ,Cuneo, ,, ,,de Cuneo  ,,
de, ,Curlis, ,, ,,de Curlis  ,,
de, ,Dallo, ,, ,,de Dallo  ,,
de, ,Daniele, ,, ,,de Daniele  ,,
de, ,Davania, ,, ,,de Davania  ,,
de, ,Demetrio, ,, ,,de Demetrio  ,,
de, ,Dernixio, ,, ,,de Dernixio  ,,
de, ,Deva, ,, ,,de Deva  ,,
de, ,Dezerega, ,, ,,de Dezerega  ,,
de, ,Diano, ,, ,,de Diano  ,,
de, ,Dominicis, ,, ,,de Dominicis  ,,
de, ,Domo, ,David, ,,de Domo David ,,
de, ,Domoculta, ,, ,,de Domoculta  ,,
de, ,Dona, ,, ,,de Dona  ,,
de, ,Dondedeo, ,, ,,de Dondedeo  ,,
de, ,Elena, ,, ,,de Elena  ,,
de, ,Emendanio, ,de, ,Cocha,de Emendanio de Cocha,,
de, ,Emico, ,, ,,de Emico  ,,
de, ,Erzenis, ,, ,,de Erzenis  ,,
de, ,Facio,,, ,,de Facio ,,
de, ,Favale, ,, ,,de Favale  ,,
de, ,Faxiis, ,, ,,de Faxiis  ,,
de, ,Ferrari,,, ,,de Ferrari ,,
de, ,Ferraverio, ,, ,,de Ferraverio  ,,
de, ,Ferreria, ,, ,,de Ferreria  ,,
de, ,Filippo, ,, ,,de Filippo  ,,
de, ,Finamore, ,, ,,de Finamore  ,,
de, ,Finario, ,, ,,de Finario  ,,
de, ,Florentia, ,, ,,de Florentia  ,,
de, ,Fo, ,, ,,de Fo  ,,
de, ,Fontanegio, ,, ,,de Fontanegio  ,,
de, ,Fornari, ,, ,,de Fornari  ,,
de, ,Forte, ,, ,,de Forte  ,,
de, ,Fossatello, ,, ,,de Fossatello  ,,
de, ,Fossato, ,, ,,de Fossato  ,,
de, ,Framura, ,, ,,de Framura  ,,
de, ,Franchi,,, ,,de Franchi ,,
de, ,Franciscis, ,, ,,de Franciscis  ,,
de, ,Franco, ,, ,,de Franco  ,,
de, ,Frassineto, ,, ,,de Frassineto  ,,
de, ,Fravega, ,, ,,de Fravega  ,,
de, ,Frencio, ,, ,,de Frencio  ,,
de, ,Gaetano, ,, ,,de Gaetano  ,,
de, ,Gaffolo, ,, ,,de Gaffolo  ,,
de, ,Gagiano, ,, ,,de Gagiano  ,,
de, ,Gambarinis,,, ,,de Gambarinis ,,
de, ,Garbegno, ,, ,,de Garbegno  ,,
de, ,Garexio, ,, ,,de Garexio  ,,
de, ,Gaudencio, ,, ,,de Gaudencio  ,,
de, ,Gavio, ,, ,,de Gavio  ,,
de, ,Giacomo, ,, ,,de Giacomo  ,,
de, ,Gibeletto, ,, ,,de Gibeletto  ,,
de, ,Gibraleón, ,, ,,de Gibraleón  ,,
de, ,Giovanni, ,, ,,de Giovanni  ,,
de, ,Giovanni, ,, ,,de Giovanni  ,,
de, ,Goano,,, ,,de Goano ,,
de, ,Godano, ,, ,,de Godano  ,,
de, ,Gordena, ,, ,,de Gordena  ,,
de, ,Goterio, ,, ,,de Goterio  ,,
de, ,Gradis, ,, ,,de Gradis  ,,
de, ,Graffignis, ,, ,,de Graffignis  ,,
de, ,Granis, ,, ,,de Granis  ,,
de, ,Gravaigo, ,, ,,de Gravaigo  ,,
de, ,Groleriis,,, ,,de Groleriis ,,
de, ,Gualterio, ,, ,,de Gualterio  ,,
de, ,Guarco, ,, ,,de Guarco  ,,
de, ,Guasco, ,, ,,de Guasco  ,,
de, ,Guasconibus, ,, ,,de Guasconibus  ,,
de, ,Guasconibus, ,, ,,de Guasconibus  ,,
de, ,Guercio, ,, ,,de Guercio  ,,
de, ,Guirardis, ,, ,,de Guirardis  ,,
de, ,Guisulfis, ,, ,,de Guisulfis  ,,
de, ,Guizo, ,, ,,de Guizo  ,,
de, ,Herrera, ,, ,,de Herrera  ,,
de, ,Ianello, ,, ,,de Ianello  ,,
de, ,Ianoto, ,, ,,de Ianoto  ,,
de, ,Ibiza, ,, ,,de Ibiza  ,,
de, ,Illice, ,, ,,de Illice  ,,
de, ,Illionibus, ,, ,,de Illionibus  ,,
de, ,Illuminatis, ,, ,,de Illuminatis  ,,
de, ,Inghibertis, ,, ,,de Inghibertis  ,,
de, ,Insula, ,, ,,de Insula  ,,
de, ,Insulahona, ,, ,,de Insulahona  ,,
de, ,Ioardis, ,, ,,de Ioardis  ,,
de, ,Iordanis, ,, ,,de Iordanis  ,,
de, ,Iosia, ,, ,,de Iosia  ,,
de, ,Isnardo, ,, ,,de Isnardo  ,,
de, ,Itro, ,, ,,de Itro  ,,
de, ,Iudice, ,, ,,de Iudice  ,,
de, ,Iugo, ,, ,,de Iugo  ,,
de, ,Iussano, ,, ,,de Iussano  ,,
de, ,Ivanis, ,, ,,de Ivanis  ,,
de, ,Labaino, ,, ,,de Labaino  ,,
de, ,Lacavara, ,, ,,de Lacavara  ,,
de, ,Lacu, ,, ,,de Lacu  ,,
de, ,Lacumarcino, ,, ,,de Lacumarcino  ,,
de, ,Lagnelo, ,, ,,de Lagnelo  ,,
de, ,Lagorrea, ,, ,,de Lagorrea  ,,
de, ,Lam, ,, ,,de Lam  ,,
de, ,Lancia, ,, ,,de Lancia  ,,
de, ,Lanfranchis, ,, ,,de Lanfranchis  ,,
de, ,Langasco, ,, ,,de Langasco  ,,
de, ,Lavagino, ,, ,,de Lavagino  ,,
de, ,Lavagino, ,, ,,de Lavagino  ,,
de, ,Lavania, ,, ,,de Lavania  ,,
de, ,Lavazaris, ,, ,,de Lavazaris  ,,
de, ,Lavello, ,, ,,de Lavello  ,,
de, ,Lavezola, ,, ,,de Lavezola  ,,
de, ,Laxania, ,, ,,de Laxania  ,,
de, ,Lazarino, ,, ,,de Lazarino  ,,
de, ,Lazario, ,, ,,de Lazario  ,,
de, ,Lecho, ,, ,,de Lecho  ,,
de, ,Leonardis,,, ,,de Leonardis ,,
de, ,Leone, ,, ,,de Leone  ,,
de, ,Lercunnelo, ,, ,,de Lercunnelo  ,,
de, ,Lerma, ,, ,,de Lerma  ,,
de, ,Lesinasco, ,, ,,de Lesinasco  ,,
de, ,Levanto,,, ,,de Levanto ,,
de, ,Ligioriis, ,, ,,de Ligioriis  ,,
de, ,Linario, ,, ,,de Linario  ,,
de, ,Linguelia, ,, ,,de Linguelia  ,,
de, ,Lisorio, ,, ,,de Lisorio  ,,
de, ,Lo Paraso, ,Paraso, ,,de Lo Paraso Paraso ,,
de, ,Loco, ,, ,,de Loco  ,,
de, ,Loneigro, ,, ,,de Loneigro  ,,
de, ,Loreto, ,, ,,de Loreto  ,,
de, ,Lorto, ,, ,,de Lorto  ,,
de, ,Lotrenta, ,, ,,de Lotrenta  ,,
de, ,Lu, ,, ,,de Lu  ,,
de, ,Luca, ,, ,,de Luca  ,,
de, ,Luchino, ,, ,,de Luchino  ,,
de, ,Luciano, ,, ,,de Luciano  ,,
de, ,Luco, ,, ,,de Luco  ,,
de, ,Lurmo, ,, ,,de Lurmo  ,,
de, ,Maddalena, ,, ,,de Maddalena  ,,
de, ,Maffeis, ,, ,,de Maffeis  ,,
de, ,Maffeo, ,, ,,de Maffeo  ,,
de, ,Magnasco, ,, ,,de Magnasco  ,,
de, ,Magnerio, ,, ,,de Magnerio  ,,
de, ,Maiolo, ,, ,,de Maiolo  ,,
de, ,Mais,,, ,,de Mais ,,
de, ,Malia, ,, ,,de Malia  ,,
de, ,Mallorca, ,, ,,de Mallorca  ,,
de, ,Malta, ,, ,,de Malta  ,,
de, ,Manarolia, ,, ,,de Manarolia  ,,
de, ,Mancremano, ,, ,,de Mancremano  ,,
de, ,Mandelo, ,, ,,de Mandelo  ,,
de, ,Marco, ,, ,,de Marco  ,,
de, ,Mari,,, ,,de Mari ,,
de, ,Marini, ,, ,,de Marini  ,,
de, ,Martino, ,, ,,de Martino  ,,
de, ,Martis, ,, ,,de Martis  ,,
de, ,Massa, ,, ,,de Massa  ,,
de, ,Matteis, ,, ,,de Matteis  ,,
de, ,Mauro, ,, ,,de Mauro  ,,
de, ,Medici, ,, ,,de Medici  ,,
de, ,Medicis, ,, ,,de Medicis  ,,
de, ,Medina, ,, ,,de Medina  ,,
de, ,Mediolano, ,, ,,de Mediolano  ,,
de, ,Mela, ,, ,,de Mela  ,,
de, ,Merate, ,, ,,de Merate  ,,
de, ,Mescheta, ,, ,,de Mescheta  ,,
de, ,Mezano, ,, ,,de Mezano  ,,
de, ,Mezano, ,, ,,de Mezano  ,,
de, ,Mezano, ,, ,,de Mezano  ,,
de, ,Mezano, ,, ,,de Mezano  ,,
de, ,Mezano, ,, ,,de Mezano  ,,
de, ,Mezario, ,, ,,de Mezario  ,,
de, ,Michele, ,, ,,de Michele  ,,
de, ,Molinariis, ,, ,,de Molinariis  ,,
de, ,Mondello, ,, ,,de Mondello  ,,
de, ,Monelia, ,, ,,de Monelia  ,,
de, ,Moniardino, ,, ,,de Moniardino  ,,
de, ,Monleone, ,, ,,de Monleone  ,,
de, ,Monsia, ,, ,,de Monsia  ,,
de, ,Montaldo, ,, ,,de Montaldo  ,,
de, ,Montalis, ,, ,,de Montalis  ,,
de, ,Montano, ,, ,,de Montano  ,,
de, ,Monte, ,, ,,de Monte  ,,
de, ,Monte Claro, ,, ,,de Monte Claro  ,,
de, ,Monteacuto, ,, ,,de Monteacuto  ,,
de, ,Montenegro, ,, ,,de Montenegro  ,,
de, ,Monterubeo, ,, ,,de Monterubeo  ,,
de, ,Montesoro, ,, ,,de Montesoro  ,,
de, ,Montilio, ,, ,,de Montilio  ,,
de, ,Moreno, ,, ,,de Moreno  ,,
de, ,Morexino, ,, ,,de Morexino  ,,
de, ,Mortaria, ,, ,,de Mortaria  ,,
de, ,Motzelia, ,, ,,de Motzelia  ,,
de, ,Mulacio, ,, ,,de Mulacio  ,,
de, ,Mulassana, ,, ,,de Mulassana  ,,
de, ,Multedo, ,, ,,de Multedo  ,,
de, ,Murano, ,, ,,de Murano  ,,
de, ,Murchio,,, ,,de Murchio ,,
de, ,Murta, ,, ,,de Murta  ,,
de, ,Musto, ,, ,,de Musto  ,,
de, ,Nascheto, ,, ,,de Nascheto  ,,
de, ,Natino, ,, ,,de Natino  ,,
de, ,Nava, ,, ,,de Nava  ,,
de, ,Naxos,,, ,,de Naxos ,,
de, ,Nicia, ,, ,,de Nicia  ,,
de, ,Niella, ,, ,,de Niella  ,,
de, ,Nigris, ,, ,,de Nigris  ,,
de, ,Niolo,,, ,,de Niolo ,,
de, ,Novaria, ,, ,,de Novaria  ,,
de, ,Novis, ,, ,,de Novis  ,,
de, ,Nuce, ,, ,,de Nuce  ,,
de, ,Odino, ,, ,,de Odino  ,,
de, ,Ognibem, ,, ,,de Ognibem  ,,
de, ,Oliva, ,, ,,de Oliva  ,,
de, ,Olivella, ,, ,,de Olivella  ,,
de, ,Oliverio, ,, ,,de Oliverio  ,,
de, ,Oneto, ,, ,,de Oneto  ,,
de, ,Opertis, ,, ,,de Opertis  ,,
de, ,Opicello, ,, ,,de Opicello  ,,
de, ,Opiciis, ,, ,,de Opiciis  ,,
de, ,Orabonis, ,, ,,de Orabonis  ,,
de, ,Orerio, ,, ,,de Orerio  ,,
de, ,Orezio, ,, ,,de Orezio  ,,
de, ,Ortexeto, ,, ,,de Ortexeto  ,,
de, ,Ortis, ,, ,,de Ortis  ,,
de, ,Ottonegio, ,, ,,de Ottonegio  ,,
de, ,Padino, ,, ,,de Padino  ,,
de, ,Padua, ,, ,,de Padua  ,,
de, ,Pagana, ,, ,,de Pagana  ,,
de, ,Palacio, ,, ,,de Palacio  ,,
de, ,Palermo, ,, ,,de Palermo  ,,
de, ,Palmis, ,, ,,de Palmis  ,,
de, ,Palodio, ,, ,,de Palodio  ,,
de, ,Pane, ,, ,,de Pane  ,,
de, ,Papia, ,, ,,de Papia  ,,
de, ,Parabiago, ,, ,,de Parabiago  ,,
de, ,Pareto, ,, ,,de Pareto  ,,
de, ,Parisio, ,, ,,de Parisio  ,,
de, ,Parma, ,, ,,de Parma  ,,
de, ,Passagio, ,, ,,de Passagio  ,,
de, ,Passano,,, ,,de Passano ,,
de, ,Pastino, ,, ,,de Pastino  ,,
de, ,Patina, ,, ,,de Patina  ,,
de, ,Paverio, ,, ,,de Paverio  ,,
de, ,Peirano, ,, ,,de Peirano  ,,
de, ,Pelegro, ,, ,,de Pelegro  ,,
de, ,Pelio, ,, ,,de Pelio  ,,
de, ,Pendula, ,, ,,de Pendula  ,,
de, ,Percipiano, ,, ,,de Percipiano  ,,
de, ,Percivalis, ,, ,,de Percivalis  ,,
de, ,Pergamo, ,, ,,de Pergamo  ,,
de, ,Perolerio, ,, ,,de Perolerio  ,,
de, ,Perrotta, ,, ,,de Perrotta  ,,
de, ,Pessa, ,, ,,de Pessa  ,,
de, ,Petra, ,, ,,de Petra  ,,
de, ,Petrabissara, ,, ,,de Petrabissara  ,,
de, ,Petralata, ,, ,,de Petralata  ,,
de, ,Pignono, ,, ,,de Pignono  ,,
de, ,Pineto, ,, ,,de Pineto  ,,
de, ,Pinu, ,, ,,de Pinu  ,,
de, ,Pisa, ,, ,,de Pisa  ,,
de, ,Pisano, ,, ,,de Pisano  ,,
de, ,Placentia, ,, ,,de Placentia  ,,
de, ,Plano, ,, ,,de Plano  ,,
de, ,Plaxia, ,, ,,de Plaxia  ,,
de, ,Plebe, ,, ,,de Plebe  ,,
de, ,Pluma, ,, ,,de Pluma  ,,
de, ,Podenzolo, ,, ,,de Podenzolo  ,,
de, ,Podio, ,, ,,de Podio  ,,
de, ,Polcevera, ,, ,,de Polcevera  ,,
de, ,Poliasca, ,, ,,de Poliasca  ,,
de, ,Poneta, ,, ,,de Poneta  ,,
de, ,Ponso, ,, ,,de Ponso  ,,
de, ,Ponte,,, ,,de Ponte ,,
de, ,Pontenigro, ,, ,,de Pontenigro  ,,
de, ,Pornasio,,, ,,de Pornasio ,,
de, ,Porta, ,, ,,de Porta  ,,
de, ,Portofino, ,, ,,de Portofino  ,,
de, ,Portu Mauricio, ,, ,,de Portu Mauricio  ,,
de, ,Portu Pisano, ,, ,,de Portu Pisano  ,,
de, ,Portuveneris, ,, ,,de Portuveneris  ,,
de, ,Prato,,, ,,de Prato ,,
de, ,Primo, ,, ,,de Primo  ,,
de, ,Provincialis, ,, ,,de Provincialis  ,,
de, ,Prozascho, ,, ,,de Prozascho  ,,
de, ,Puris, ,, ,,de Puris  ,,
de, ,Puteo, ,, ,,de Puteo  ,,
de, ,Puteobonello, ,, ,,de Puteobonello  ,,
de, ,Quaresio, ,, ,,de Quaresio  ,,
de, ,Quarto, ,, ,,de Quarto  ,,
de, ,Quinto, ,, ,,de Quinto  ,,
de, ,Rabiis, ,, ,,de Rabiis  ,,
de, ,Rapallo, ,, ,,de Rapallo  ,,
de, ,Raynaldo, ,, ,,de Raynaldo  ,,
de, ,Razo, ,, ,,de Razo  ,,
de, ,Reasa, ,, ,,de Reasa  ,,
de, ,Recco, ,, ,,de Recco  ,,
de, ,Rechexe, ,, ,,de Rechexe  ,,
de, ,Resonico, ,, ,,de Resonico  ,,
de, ,Restano, ,, ,,de Restano  ,,
de, ,Rettalio, ,, ,,de Rettalio  ,,
de, ,Revellino, ,, ,,de Revellino  ,,
de, ,Rezolaio, ,, ,,de Rezolaio  ,,
de, ,Riccobono, ,, ,,de Riccobono  ,,
de, ,Ripalta, ,, ,,de Ripalta  ,,
de, ,Riparola, ,, ,,de Riparola  ,,
de, ,Riparolio, ,, ,,de Riparolio  ,,
de, ,Ritilario, ,, ,,de Ritilario  ,,
de, ,Rixio, ,, ,,de Rixio  ,,
de, ,Rocha, ,, ,,de Rocha  ,,
de, ,Rocheta, ,, ,,de Rocheta  ,,
de, ,Roma, ,, ,,de Roma  ,,
de, ,Romeo, ,, ,,de Romeo  ,,
de, ,Roncaiolo, ,, ,,de Roncaiolo  ,,
de, ,Ronco, ,, ,,de Ronco  ,,
de, ,Rosoi, ,, ,,de Rosoi  ,,
de, ,Rossano, ,, ,,de Rossano  ,,
de, ,Rossilione, ,, ,,de Rossilione  ,,
de, ,Rovenio,,, ,,de Rovenio ,,
de, ,Rovere, ,, ,,de Rovere  ,,
de, ,Roxio, ,, ,,de Roxio  ,,
de, ,Rubeo, ,, ,,de Rubeo  ,,
de, ,Rusiliono, ,, ,,de Rusiliono  ,,
de, ,Rutiliario, ,, ,,de Rutiliario  ,,
de, ,Rutiliario, ,, ,,de Rutiliario  ,,
de, ,Sacha, ,, ,,de Sacha  ,,
de, ,Sachis,,, ,,de Sachis ,,
de, ,Sale, ,, ,,de Sale  ,,
de, ,Salvo,,, ,,de Salvo ,,
de, ,Sancta Agnete, ,, ,,de Sancta Agnete  ,,
de, ,Sancto Ambroxio, ,, ,,de Sancto Ambroxio  ,,
de, ,Sancto Blaxio, ,, ,,de Sancto Blaxio  ,,
de, ,Sancto Donato, ,, ,,de Sancto Donato  ,,
de, ,Sancto Matheo, ,, ,,de Sancto Matheo  ,,
de, ,Sancto Michele, ,, ,,de Sancto Michele  ,,
de, ,Sancto Miniato, ,, ,,de Sancto Miniato  ,,
de, ,Sancto Nazario, ,, ,,de Sancto Nazario  ,,
de, ,Sancto Petro, ,, ,,de Sancto Petro  ,,
de, ,Sancto Quilico, ,, ,,de Sancto Quilico  ,,
de, ,Sancto Romulo, ,, ,,de Sancto Romulo  ,,
de, ,Sancto Salvatore, ,, ,,de Sancto Salvatore  ,,
de, ,Sancto Sexto, ,, ,,de Sancto Sexto  ,,
de, ,Sancto Stephano, ,, ,,de Sancto Stephano  ,,
de, ,Sancto Ulcixio, ,, ,,de Sancto Ulcixio  ,,
de, ,Sanguineto, ,, ,,de Sanguineto  ,,
de, ,Sarno, ,, ,,de Sarno  ,,
de, ,Sarzana, ,, ,,de Sarzana  ,,
de, ,Sarzano, ,, ,,de Sarzano  ,,
de, ,Saulo, ,,,,de Saulo ,,
de, ,Savarello, ,, ,,de Savarello  ,,
de, ,Savinione,,, ,,de Savinione ,,
de, ,Savona, ,, ,,de Savona  ,,
de, ,Scipionibus, ,, ,,de Scipionibus  ,,
de, ,Scorno, ,, ,,de Scorno  ,,
de, ,Sementia, ,, ,,de Sementia  ,,
de, ,Semino, ,, ,,de Semino  ,,
de, ,Seputeo, ,, ,,de Seputeo  ,,
de, ,ser Antonio, ,, ,,de ser Antonio  ,,
de, ,ser Leone, ,, ,,de ser Leone  ,,
de, ,ser Piero, ,, ,,de ser Piero  ,,
de, ,Seratico, ,, ,,de Seratico  ,,
de, ,Sernantes, ,, ,,de Sernantes  ,,
de, ,Serrano, ,, ,,de Serrano  ,,
de, ,Serravalle, ,, ,,de Serravalle  ,,
de, ,Servetto, ,, ,,de Servetto  ,,
de, ,Sessarego, ,, ,,de Sessarego  ,,
de, ,Sexino, ,, ,,de Sexino  ,,
de, ,Sexto, ,, ,,de Sexto  ,,
de, ,Siena,,, ,,de Siena ,,
de, ,Sigestro, ,, ,,de Sigestro  ,,
de, ,Signori di Lagneto, ,,,,de Signori di Lagneto ,,
de, ,Signori di Ponzone, ,,,,de Signori di Ponzone ,,
de, ,Signorio, ,, ,,de Signorio  ,,
de, ,Simone, ,, ,,de Simone  ,,
de, ,Sobala, ,, ,,de Sobala  ,,
de, ,Solario, ,, ,,de Solario  ,,
de, ,Soldis, ,, ,,de Soldis  ,,
de, ,Sopranis, ,, ,,de Sopranis  ,,
de, ,Sorba, ,, ,,de Sorba  ,,
de, ,Sorqûebos, ,, ,,de Sorqûebos  ,,
de, ,Sorqûebos, ,, ,,de Sorqûebos  ,,
de, ,Sos, ,, ,,de Sos  ,,
de, ,Spano, ,, ,,de Spano  ,,
de, ,Spezia, ,, ,,de Spezia  ,,
de, ,Spigno, ,, ,,de Spigno  ,,
de, ,Spones, ,, ,,de Spones  ,,
de, ,Stanchino, ,, ,,de Stanchino  ,,
de, ,Storaxio, ,, ,,de Storaxio  ,,
de, ,Stracta, ,, ,,de Stracta  ,,
de, ,Strupa, ,, ,,de Strupa  ,,
de, ,Sucareto, ,, ,,de Sucareto  ,,
de, ,Sumelso, ,, ,,de Sumelso  ,,
de, ,Suzanico, ,, ,,de Suzanico  ,,
de, ,Tabia, ,, ,,de Tabia  ,,
de, ,Tacio, ,, ,,de Tacio  ,,
de, ,Tadeis, ,, ,,de Tadeis  ,,
de, ,Telia, ,, ,,de Telia  ,,
de, ,Terrarubea, ,, ,,de Terrarubea  ,,
de, ,Terrucio, ,, ,,de Terrucio  ,,
de, ,Thoma, ,, ,,de Thoma  ,,
de, ,Tignosis, ,, ,,de Tignosis  ,,
de, ,Toirano, ,, ,,de Toirano  ,,
de, ,Tolosa, ,, ,,de Tolosa  ,,
de, ,Toporis, ,, ,,de Toporis  ,,
de, ,Toscana, ,, ,,de Toscana  ,,
de, ,Travi, ,, ,,de Travi  ,,
de, ,Triadano, ,, ,,de Triadano  ,,
de, ,Tunixio, ,, ,,de Tunixio  ,,
de, ,Turca, ,, ,,de Turca  ,,
de, ,Turino, ,, ,,de Turino  ,,
de, ,Turrilia, ,, ,,de Turrilia  ,,
de, ,Ulino, ,, ,,de Ulino  ,,
de, ,Uncio, ,, ,,de Uncio  ,,
de, ,Uvada, ,, ,,de Uvada  ,,
de, ,Valdesio, ,, ,,de Valdesio  ,,
de, ,Valegia, ,, ,,de Valegia  ,,
de, ,Valencia, ,, ,,de Valencia  ,,
de, ,Valencona, ,, ,,de Valencona  ,,
de, ,Valentibus, ,, ,,de Valentibus  ,,
de, ,Valenza, ,, ,,de Valenza  ,,
de, ,Valle, ,, ,,de Valle  ,,
de, ,Vallebella, ,, ,,de Vallebella  ,,
de, ,Varcio, ,, ,,de Varcio  ,,
de, ,Vargas, ,, ,,de Vargas  ,,
de, ,Varixio, ,, ,,de Varixio  ,,
de, ,Vaserio, ,, ,,de Vaserio  ,,
de, ,Vasoribus, ,, ,,de Vasoribus  ,,
de, ,Vedereto, ,, ,,de Vedereto  ,,
de, ,Vegetis, ,, ,,de Vegetis  ,,
de, ,Ventimilia, ,, ,,de Ventimilia  ,,
de, ,Veraria, ,, ,,de Veraria  ,,
de, ,Vernacia, ,, ,,de Vernacia  ,,
de, ,Vernengis, ,, ,,de Vernengis  ,,
de, ,Vertio, ,, ,,de Vertio  ,,
de, ,Vertuculo, ,, ,,de Vertuculo  ,,
de, ,Vesano, ,, ,,de Vesano  ,,
de, ,Via, ,, ,,de Via  ,,
de, ,Viale, ,, ,,de Viale  ,,
de, ,Vico, ,, ,,de Vico  ,,
de, ,Viganego, ,, ,,de Viganego  ,,
de, ,Vigenio, ,, ,,de Vigenio  ,,
de, ,Viglevano, ,, ,,de Viglevano  ,,
de, ,Vignaga, ,, ,,de Vignaga  ,,
de, ,Vignolo, ,, ,,de Vignolo  ,,
de, ,Vigono, ,, ,,de Vigono  ,,
de, ,Villa, ,, ,,de Villa  ,,
de, ,Villanova, ,, ,,de Villanova  ,,
de, ,Vinciguerra, ,, ,,de Vinciguerra  ,,
de, ,Vineis, ,, ,,de Vineis  ,,
de, ,Viterbo, ,, ,,de Viterbo  ,,
de, ,Vivalda, ,, ,,de Vivalda  ,,
de, ,Viviano, ,, ,,de Viviano  ,,
de, ,Vultabio, ,, ,,de Vultabio  ,,
de, ,Vulturo, ,, ,,de Vulturo  ,,
de, ,Zaranto, ,, ,,de Zaranto  ,,
de, ,Zerbis, ,, ,,de Zerbis  ,,
de, ,Zignaigo, ,, ,,de Zignaigo  ,,
de, ,Zino, ,, ,,de Zino  ,,
de, ,Zoalio, ,, ,,de Zoalio  ,,
de, ,Zocco, ,, ,,de Zocco  ,,
de, ,Zuchis, ,, ,,de Zuchis  ,,
de, ,Zurlis, ,, ,,de Zurlis  ,,
Deala, ,, ,, ,,Deala   ,,
Delfino, ,, ,, ,,Delfino   ,,
Demeto, ,, ,, ,,Demeto   ,,
Dentuto, ,,,, ,,Dentuto  ,,
di, ,Negro,,, ,,di Negro ,,
Diaz, ,, ,, ,,Diaz   ,,
Dini, ,, ,, ,,Dini   ,,
Diomel, ,, ,, ,,Diomel   ,,
Domínguez, ,, ,, ,,Domínguez   ,,
Donato, ,, ,, ,,Donato   ,,
Dondedeo, ,, ,, ,,Dondedeo   ,,
Dondo, ,, ,, ,,Dondo   ,,
Doria, ,,,, ,,Doria  ,,
Dotto, ,, ,, ,,Dotto   ,,
Ducano, ,, ,, ,,Ducano   ,,
Duchelle, ,, ,, ,,Duchelle   ,,
Duracino, ,, ,, ,,Duracino   ,,
Durante, ,, ,, ,,Durante   ,,
Durazzo, ,, ,, ,,Durazzo   ,,
Embriaco, ,, ,, ,,Embriaco   ,,
Embrone, ,, ,, ,,Embrone   ,,
Ercherio, ,, ,, ,,Ercherio   ,,
Ercherio, ,, ,, ,,Ercherio   ,,
Ermagallo, ,, ,, ,,Ermagallo   ,,
Ermetico, ,, ,, ,,Ermetico   ,,
Ermirio, ,, ,, ,,Ermirio   ,,
Fabreges, ,, ,, ,,Fabreges   ,,
Facorino, ,, ,, ,,Facorino   ,,
Facorio, ,, ,, ,,Facorio   ,,
Falamonica, ,, ,, ,,Falamonica   ,,
Fanello, ,, ,, ,,Fanello   ,,
Fasciolo, ,, ,, ,,Fasciolo   ,,
Fatinante, ,, ,, ,,Fatinante   ,,
Fellone, ,, ,, ,,Fellone   ,,
Feo, ,, ,, ,,Feo   ,,
Ferrandes, ,, ,, ,,Ferrandes   ,,
Ferrandes, ,de, ,Ermendua, ,,Ferrandes de Ermendua ,,
Ferrerio, ,, ,, ,,Ferrerio   ,,
Ferretto, ,, ,, ,,Ferretto   ,,
Ferro, ,, ,, ,,Ferro   ,,
Ferrocchio, ,, ,, ,,Ferrocchio   ,,
Fieschi, ,,,, ,,Fieschi  ,,
Focoberto, ,, ,, ,,Focoberto   ,,
Fogliano, ,, ,, ,,Fogliano   ,,
Foglietta, ,, ,, ,,Foglietta   ,,
Fontana, ,, ,, ,,Fontana   ,,
Forbin, ,, ,, ,,Forbin   ,,
Fracca, ,, ,, ,,Fracca   ,,
Francisci, ,, ,, ,,Francisci   ,,
Fransone, ,, ,, ,,Fransone   ,,
Frascaria, ,, ,, ,,Frascaria   ,,
Fredo, ,, ,, ,,Fredo   ,,
Freixenet, ,, ,, ,,Freixenet   ,,
Frevante, ,, ,, ,,Frevante   ,,
Froglio, ,, ,, ,,Froglio   ,,
Gabello, ,, ,, ,,Gabello   ,,
Gablero, ,, ,, ,,Gablero   ,,
Gadatalenta, ,, ,, ,,Gadatalenta   ,,
Gaio, ,, ,, ,,Gaio   ,,
Galaffio, ,, ,, ,,Galaffio   ,,
Gallerato, ,, ,, ,,Gallerato   ,,
Galliano, ,, ,, ,,Galliano   ,,
Gallo, ,,,, ,,Gallo  ,,
Gambarotto, ,, ,, ,,Gambarotto   ,,
Gambone, ,, ,, ,,Gambone   ,,
Ganducio, ,, ,, ,,Ganducio   ,,
Garanzo, ,, ,, ,,Garanzo   ,,
Garbarino, ,, ,, ,,Garbarino   ,,
Garcia, ,, ,, ,,Garcia   ,,
Garetto, ,, ,, ,,Garetto   ,,
Garibaldo, ,, ,, ,,Garibaldo   ,,
Garrido, ,, ,, ,,Garrido   ,,
Garrone, ,, ,, ,,Garrone   ,,
Garumbero, ,, ,, ,,Garumbero   ,,
Gasparino, ,, ,, ,,Gasparino   ,,
Gategario, ,, ,, ,,Gategario   ,,
Gattilusio, ,, ,, ,,Gattilusio   ,,
Gattinara, ,, ,, ,,Gattinara   ,,
Gatto, ,, ,, ,,Gatto   ,,
Gaura, ,, ,, ,,Gaura   ,,
Gavarone, ,, ,, ,,Gavarone   ,,
Gaville, ,, ,, ,,Gaville   ,,
Gelat, ,, ,, ,,Gelat   ,,
Gentile, ,, ,, ,,Gentile   ,,
Gieto, ,, ,, ,,Gieto   ,,
Girardengo, ,,,, ,,Girardengo  ,,
Gironense, ,, ,, ,,Gironense   ,,
Girones, ,, ,, ,,Girones   ,,
Giugallo, ,, ,, ,,Giugallo   ,,
Giumello, ,, ,, ,,Giumello   ,,
Giustiniani, ,, ,, ,,Giustiniani   ,,
Giusto, ,, ,, ,,Giusto   ,,
Goffredis, ,, ,, ,,Goffredis   ,,
Gonsales, ,, ,, ,,Gonsales   ,,
Gonsales, ,, ,, ,,Gonsales   ,,
Gonsales de Ordiales, ,,,, ,,Gonsales de Ordiales  ,,
Gorsio, ,, ,, ,,Gorsio   ,,
Gracia, ,, ,, ,,Gracia   ,,
Graffione, ,, ,, ,,Graffione   ,,
Granello, ,, ,, ,,Granello   ,,
Grasso, ,, ,, ,,Grasso   ,,
Gravano, ,, ,, ,,Gravano   ,,
Greco, ,, ,, ,,Greco   ,,
Greppo, ,, ,, ,,Greppo   ,,
Griffiotto, ,, ,, ,,Griffiotto   ,,
Griffo, ,, ,, ,,Griffo   ,,
Grillo, ,,,, ,,Grillo  ,,
Grimaldi, ,, ,, ,,Grimaldi   ,,
Gropallo, ,, ,, ,,Gropallo   ,,
Grosso, ,, ,, ,,Grosso   ,,
Guarano, ,, ,, ,,Guarano   ,,
Guastavino, ,, ,, ,,Guastavino   ,,
Guglielmone, ,, ,, ,,Guglielmone   ,,
Guillo, ,, ,, ,,Guillo   ,,
Guinigio, ,, ,, ,,Guinigio   ,,
Iavrone, ,, ,, ,,Iavrone   ,,
Ihapareto, ,, ,, ,,Ihapareto   ,,
Iharlone, ,, ,, ,,Iharlone   ,,
Iharola, ,, ,, ,,Iharola   ,,
Ihocia, ,, ,, ,,Ihocia   ,,
Ihorlo, ,, ,, ,,Ihorlo   ,,
Ihosa, ,, ,, ,,Ihosa   ,,
Ihosorio, ,, ,, ,,Ihosorio   ,,
Ihota, ,, ,, ,,Ihota   ,,
Imperiale, ,, ,, ,,Imperiale   ,,
Invrea, ,, ,, ,,Invrea   ,,
Iochi, ,, ,, ,,Iochi   ,,
Ittaliano, ,,,, ,,Ittaliano  ,,
Ivaldo, ,, ,, ,,Ivaldo   ,,
Ivrea, ,, ,, ,,Ivrea   ,,
Lampagies, ,, ,, ,,Lampagies   ,,
Lando, ,, ,, ,,Lando   ,,
Lansapango, ,, ,, ,,Lansapango   ,,
Lardo, ,, ,, ,,Lardo   ,,
Laurelo, ,, ,, ,,Laurelo   ,,
Lavaggio, ,, ,, ,,Lavaggio   ,,
Lavagnino, ,, ,, ,,Lavagnino   ,,
Lazania, ,, ,, ,,Lazania   ,,
Leardo, ,, ,, ,,Leardo   ,,
Lecavello, ,, ,,,,Lecavello  ,,
Lenza, ,, ,, ,,Lenza   ,,
Lercari, ,,,, ,,Lercari  ,,
Lipora, ,, ,, ,,Lipora   ,,
Littardo, ,, ,, ,,Littardo   ,,
Loggia, ,, ,, ,,Loggia   ,,
Lomellini, ,,,, ,,Lomellini  ,,
Lonso, ,, ,, ,,Lonso   ,,
Lorencio, ,, ,, ,,Lorencio   ,,
Lorerio, ,, ,, ,,Lorerio   ,,
Lupo, ,, ,, ,,Lupo   ,,
Luxardo, ,, ,, ,,Luxardo   ,,
Luxoro, ,, ,, ,,Luxoro   ,,
Macanello, ,, ,, ,,Macanello   ,,
Macarone, ,, ,, ,,Macarone   ,,
Machiavello, ,, ,, ,,Machiavello   ,,
Macia, ,, ,, ,,Macia   ,,
Maffone, ,, ,, ,,Maffone   ,,
Maida, ,, ,, ,,Maida   ,,
Mainero, ,, ,, ,,Mainero   ,,
Mainetto, ,,,, ,,Mainetto  ,,
Maiolino, ,, ,, ,,Maiolino   ,,
Malagamba, ,, ,, ,,Malagamba   ,,
Malavena, ,, ,, ,,Malavena   ,,
Maldato, ,, ,, ,,Maldato   ,,
Mallone, ,, ,, ,,Mallone   ,,
Malo, ,, ,, ,,Malo   ,,
Malocello, ,, ,, ,,Malocello   ,,
Mangiavacca, ,, ,, ,,Mangiavacca   ,,
Manobianca, ,, ,, ,,Manobianca   ,,
Manuele, ,, ,, ,,Manuele   ,,
Manzo, ,, ,, ,,Manzo   ,,
Marabotto, ,, ,, ,,Marabotto   ,,
Marchesano, ,, ,, ,,Marchesano   ,,
Marchesio, ,, ,, ,,Marchesio   ,,
Marcheto, ,, ,, ,,Marcheto   ,,
Marchione, ,,,, ,,Marchione  ,,
Marco, ,, ,, ,,Marco   ,,
Marenco, ,, ,, ,,Marenco   ,,
Maricone, ,, ,, ,,Maricone   ,,
Marino, ,, ,, ,,Marino   ,,
Maroso, ,, ,, ,,Maroso   ,,
Marracio, ,, ,, ,,Marracio   ,,
Martignone, ,, ,, ,,Martignone   ,,
Martino, ,, ,, ,,Martino   ,,
Maruffo, ,, ,, ,,Maruffo   ,,
Marzocco, ,, ,, ,,Marzocco   ,,
Massena, ,, ,, ,,Massena   ,,
Massola, ,, ,, ,,Massola   ,,
Massone, ,, ,, ,,Massone   ,,
Mastraccio, ,, ,, ,,Mastraccio   ,,
Mazucco, ,, ,, ,,Mazucco   ,,
Mazurro, ,, ,, ,,Mazurro   ,,
Medianotte, ,, ,, ,,Medianotte   ,,
Meliorino, ,, ,, ,,Meliorino   ,,
Menavino, ,, ,, ,,Menavino   ,,
Mercader, ,, ,, ,,Mercader   ,,
Merello, ,, ,, ,,Merello   ,,
Meriano, ,, ,, ,,Meriano   ,,
Merino, ,, ,, ,,Merino   ,,
Micaelis, ,, ,, ,,Micaelis   ,,
Micone, ,, ,, ,,Micone   ,,
Millone, ,, ,, ,,Millone   ,,
Mir, ,, ,, ,,Mir   ,,
Mirono, ,, ,, ,,Mirono   ,,
Modrens, ,, ,, ,,Modrens   ,,
Montanaro, ,, ,, ,,Montanaro   ,,
Montesio, ,, ,, ,,Montesio   ,,
Morena, ,, ,, ,,Morena   ,,
Morigia, ,, ,, ,,Morigia   ,,
Mosca, ,, ,, ,,Mosca   ,,
Muffola, ,, ,, ,,Muffola   ,,
Murialdo, ,, ,, ,,Murialdo   ,,
Muribello, ,, ,, ,,Muribello   ,,
Murro, ,, ,, ,,Murro   ,,
Musso, ,, ,, ,,Musso   ,,
Nairone, ,, ,, ,,Nairone   ,,
Narexano, ,, ,, ,,Narexano   ,,
Narixio, ,, ,, ,,Narixio   ,,
Naste, ,, ,, ,,Naste   ,,
Nata, ,, ,, ,,Nata   ,,
Navaro, ,, ,, ,,Navaro   ,,
Navone, ,, ,, ,,Navone   ,,
Nazario, ,, ,, ,,Nazario   ,,
Nebia, ,, ,, ,,Nebia   ,,
Negrino, ,, ,, ,,Negrino   ,,
Negrino, ,, ,, ,,Negrino   ,,
Negrone, ,, ,, ,,Negrone   ,,
Negrone, ,, ,, ,,Negrone   ,,
Nigro, ,, ,, ,,Nigro   ,,
Nirondo, ,, ,, ,,Nirondo   ,,
Noitolano, ,, ,, ,,Noitolano   ,,
Norando, ,, ,, ,,Norando   ,,
Notolano, ,, ,, ,,Notolano   ,,
Novaro, ,, ,, ,,Novaro   ,,
Ocelo, ,, ,, ,,Ocelo   ,,
Ochoa, ,, ,, ,,Ochoa   ,,
Oderico, ,, ,, ,,Oderico   ,,
Odone, ,, ,, ,,Odone   ,,
Oltramarino, ,, ,, ,,Oltramarino   ,,
Ottone, ,, ,, ,,Ottone   ,,
Pacino, ,, ,, ,,Pacino   ,,
Pagano, ,, ,, ,,Pagano   ,,
Palamide, ,, ,, ,,Palamide   ,,
Palavania, ,, ,, ,,Palavania   ,,
Pallavicini, ,, ,, ,,Pallavicini   ,,
Palmario, ,, ,, ,,Palmario   ,,
Pammoleo, ,, ,, ,,Pammoleo   ,,
Panaccio, ,, ,, ,,Panaccio   ,,
Panario, ,, ,, ,,Panario   ,,
Panevino, ,, ,, ,,Panevino   ,,
Panigarola, ,, ,, ,,Panigarola   ,,
Pansano, ,, ,, ,,Pansano   ,,
Pardessus, ,, ,, ,,Pardessus   ,,
Pardo, ,, ,, ,,Pardo   ,,
Parentucello, ,, ,, ,,Parentucello   ,,
Parisola, ,, ,, ,,Parisola   ,,
Pasqua, ,, ,, ,,Pasqua   ,,
Pastorino, ,, ,, ,,Pastorino   ,,
Pasturella, ,, ,, ,,Pasturella   ,,
Paterio, ,, ,, ,,Paterio   ,,
Paterna, ,, ,, ,,Paterna   ,,
Paternoster, ,, ,, ,,Paternoster   ,,
Patuccio, ,, ,, ,,Patuccio   ,,
Paxerio, ,, ,, ,,Paxerio   ,,
Paxerio, ,, ,, ,,Paxerio   ,,
Pecchietto, ,, ,, ,,Pecchietto   ,,
Pedralbes, ,, ,, ,,Pedralbes   ,,
Pegolio, ,, ,, ,,Pegolio   ,,
Pelissone, ,, ,, ,,Pelissone   ,,
Pellegrino, ,, ,, ,,Pellegrino   ,,
Pellerano, ,, ,, ,,Pellerano   ,,
Penello, ,, ,, ,,Penello   ,,
Pepere, ,, ,, ,,Pepere   ,,
Peres Demeros, ,, ,, ,,Peres Demeros   ,,
Pernixe, ,, ,, ,,Pernixe   ,,
Perrata, ,, ,, ,,Perrata   ,,
Petrichollo, ,, ,, ,,Petrichollo   ,,
Petrino, ,, ,, ,,Petrino   ,,
Piccaluga, ,, ,, ,,Piccaluga   ,,
Piccamiglio, ,, ,, ,,Piccamiglio   ,,
Piccimbono, ,, ,, ,,Piccimbono   ,,
Pichenotto, ,, ,, ,,Pichenotto   ,,
Pietrasanta, ,, ,, ,,Pietrasanta   ,,
Pignolo, ,, ,, ,,Pignolo   ,,
Pilosio, ,, ,, ,,Pilosio   ,,
Pinelli, ,,,, ,,Pinelli  ,,
Piola, ,, ,, ,,Piola   ,,
Piso, ,, ,, ,,Piso   ,,
Pizzorno, ,, ,, ,,Pizzorno   ,,
Platamona, ,, ,, ,,Platamona   ,,
Podestà, ,, ,, ,,Podestà   ,,
Ponsola, ,, ,, ,,Ponsola   ,,
Ponsone, ,, ,, ,,Ponsone   ,,
Porrata, ,, ,, ,,Porrata   ,,
Portinario, ,, ,, ,,Portinario   ,,
Prandio, ,, ,, ,,Prandio   ,,
Prates, ,, ,, ,,Prates   ,,
Predamo, ,, ,, ,,Predamo   ,,
Prezenda, ,, ,, ,,Prezenda   ,,
Priano, ,, ,, ,,Priano   ,,
Priorato, ,, ,, ,,Priorato   ,,
Priore, ,, ,, ,,Priore   ,,
Promontorio, ,, ,, ,,Promontorio   ,,
Quachero, ,, ,, ,,Quachero   ,,
Quarto, ,, ,, ,,Quarto   ,,
Raffono, ,, ,, ,,Raffono   ,,
Raggia, ,, ,, ,,Raggia   ,,
Raggio, ,, ,, ,,Raggio   ,,
Raibaldo, ,, ,, ,,Raibaldo   ,,
Rainuccio, ,, ,, ,,Rainuccio   ,,
Rame, ,, ,, ,,Rame   ,,
Rampone, ,, ,, ,,Rampone   ,,
Rasperio, ,, ,, ,,Rasperio   ,,
Ratto, ,, ,, ,,Ratto   ,,
Rattone, ,, ,, ,,Rattone   ,,
Rau, ,, ,, ,,Rau   ,,
Ravaria, ,, ,, ,,Ravaria   ,,
Ravaschiero, ,, ,, ,,Ravaschiero   ,,
Re, ,, ,, ,,Re   ,,
Rebegario, ,, ,, ,,Rebegario   ,,
Rebuffo, ,, ,, ,,Rebuffo   ,,
Recrosio, ,, ,, ,,Recrosio   ,,
Reggio, ,, ,, ,,Reggio   ,,
Reghiccia, ,, ,, ,,Reghiccia   ,,
Regito, ,, ,, ,,Regito   ,,
Revello, ,, ,, ,,Revello   ,,
Riccio, ,, ,, ,,Riccio   ,,
Richeme, ,, ,, ,,Richeme   ,,
Rissotto, ,, ,, ,,Rissotto   ,,
Robello, ,, ,, ,,Robello   ,,
Rodino, ,, ,, ,,Rodino   ,,
Rodolfo, ,, ,, ,,Rodolfo   ,,
Rogerio, ,, ,, ,,Rogerio   ,,
Rois, ,, ,, ,,Rois   ,,
Roiseco, ,, ,, ,,Roiseco   ,,
Rollero, ,, ,, ,,Rollero   ,,
Rondanina, ,, ,, ,,Rondanina   ,,
Ropollis, ,, ,, ,,Ropollis   ,,
Ros, ,, ,, ,,Ros   ,,
Rossano, ,, ,, ,,Rossano   ,,
Rotomont, ,, ,, ,,Rotomont   ,,
Rottolo, ,, ,, ,,Rottolo   ,,
Rovereto, ,, ,, ,,Rovereto   ,,
Roverino, ,, ,, ,,Roverino   ,,
Ruffaldo, ,, ,, ,,Ruffaldo   ,,
Ruffino, ,,,, ,,Ruffino  ,,
Safortesa, ,, ,, ,,Safortesa   ,,
Saliceto, ,, ,, ,,Saliceto   ,,
Salsat, ,, ,, ,,Salsat   ,,
Salucio, ,, ,, ,,Salucio   ,,
Salvago, ,, ,, ,,Salvago   ,,
Sanchez, ,, ,, ,,Sanchez   ,,
Sansone, ,, ,, ,,Sansone   ,,
Sauli, ,, ,, ,,Sauli   ,,
Savina, ,, ,, ,,Savina   ,,
Sbarroia, ,, ,, ,,Sbarroia   ,,
Scaffa, ,, ,, ,,Scaffa   ,,
Scaglia, ,, ,, ,,Scaglia   ,,
Scalione, ,, ,, ,,Scalione   ,,
Scaniglia, ,, ,, ,,Scaniglia   ,,
Scarella, ,, ,, ,,Scarella   ,,
Scariotto, ,, ,, ,,Scariotto   ,,
Schiate, ,, ,, ,,Schiate   ,,
Sclavina, ,, ,, ,,Sclavina   ,,
Scorza, ,, ,, ,,Scorza   ,,
Scotto, ,, ,, ,,Scotto   ,,
Scotto, ,, ,, ,,Scotto   ,,
Scoxeria, ,, ,, ,,Scoxeria   ,,
Scutil, ,, ,, ,,Scutil   ,,
Segner, ,, ,, ,,Segner   ,,
Senarega, ,, ,, ,,Senarega   ,,
Senestrario, ,, ,, ,,Senestrario   ,,
Serra, ,,,, ,,Serra  ,,
Sesterio, ,, ,, ,,Sesterio   ,,
Sevalle, ,, ,, ,,Sevalle   ,,
Sforza, ,, ,, ,,Sforza   ,,
Sifiote, ,, ,, ,,Sifiote   ,,
Siforteise, ,, ,, ,,Siforteise   ,,
Sisto, ,, ,, ,,Sisto   ,,
Sivoro, ,, ,, ,,Sivoro   ,,
Sofia, ,, ,, ,,Sofia   ,,
Soler, ,, ,, ,,Soler   ,,
Spada, ,, ,, ,,Spada   ,,
Spala, ,, ,, ,,Spala   ,,
Specia, ,, ,, ,,Specia   ,,
Sperio, ,, ,, ,,Sperio   ,,
Spil, ,, ,, ,,Spil   ,,
Spinacio, ,, ,, ,,Spinacio   ,,
Spinola, ,,,, ,,Spinola  ,,
Squarciafico, ,, ,, ,,Squarciafico   ,,
Stagno, ,, ,, ,,Stagno   ,,
Staliano, ,, ,, ,,Staliano   ,,
Stella, ,, ,, ,,Stella   ,,
Stirocchio, ,, ,, ,,Stirocchio   ,,
Sucha, ,, ,, ,,Sucha   ,,
Tagliaferro, ,, ,, ,,Tagliaferro   ,,
Tagliavacca, ,, ,, ,,Tagliavacca   ,,
Tana, ,, ,, ,,Tana   ,,
Tarigo, ,, ,, ,,Tarigo   ,,
Tassorello, ,, ,, ,,Tassorello   ,,
Tatardo, ,, ,, ,,Tatardo   ,,
Terrerio, ,, ,, ,,Terrerio   ,,
Testa, ,, ,, ,,Testa   ,,
Testana, ,, ,, ,,Testana   ,,
Tiralacorda, ,,,, ,,Tiralacorda  ,,
Tivegna, ,, ,, ,,Tivegna   ,,
Tonso, ,, ,, ,,Tonso   ,,
Toriola, ,, ,, ,,Toriola   ,,
Torre, ,, ,, ,,Torre   ,,
Torres, ,, ,, ,,Torres   ,,
Tortorino, ,, ,, ,,Tortorino   ,,
Trabucco, ,, ,, ,,Trabucco   ,,
Trainacio, ,, ,, ,,Trainacio   ,,
Trassino, ,, ,, ,,Trassino   ,,
Traxino, ,, ,, ,,Traxino   ,,
Triditano, ,, ,, ,,Triditano   ,,
Trincherio, ,, ,, ,,Trincherio   ,,
Trotto, ,, ,, ,,Trotto   ,,
Truco, ,, ,, ,,Truco   ,,
Tur, ,, ,, ,,Tur   ,,
Turrigello, ,, ,, ,,Turrigello   ,,
Usodimare, ,, ,, ,,Usodimare   ,,
Vacca, ,, ,, ,,Vacca   ,,
Vaccario, ,, ,, ,,Vaccario   ,,
Valerio, ,, ,, ,,Valerio   ,,
Valletaro, ,, ,, ,,Valletaro   ,,
Veglio, ,, ,, ,,Veglio   ,,
Veneroso, ,, ,, ,,Veneroso   ,,
Vento, ,, ,, ,,Vento   ,,
Ventrello, ,, ,, ,,Ventrello   ,,
Ventura, ,, ,, ,,Ventura   ,,
Verdura, ,, ,, ,,Verdura   ,,
Verina, ,, ,, ,,Verina   ,,
Vernasano, ,, ,, ,,Vernasano   ,,
Viacamps, ,, ,, ,,Viacamps   ,,
Viacava, ,, ,, ,,Viacava   ,,
Vidal, ,, ,, ,,Vidal   ,,
Villa, ,, ,, ,,Villa   ,,
Villani, ,, ,, ,,Villani   ,,
Vinatier, ,, ,, ,,Vinatier   ,,
Vinello, ,,,, ,,Vinello  ,,
Visconte, ,, ,, ,,Visconte   ,,
Vivaldi, ,,,, ,,Vivaldi  ,,
Vivolo, ,, ,, ,,Vivolo   ,,
Xabe, ,, ,, ,,Xabe   ,,
Zaccaria, ,, ,, ,,Zaccaria   ,,
Zerbino, ,, ,, ,,Zerbino   ,,
Zucca, ,, ,, ,,Zucca   ,,
Zuccaretto, ,, ,, ,,Zuccaretto   ,,
