"Delcaration of the baptism of the fugitive Bulgarian slave Maddalena, 20 years old. Note that the first column of the filza was torn from the rest, so there may be a problem in the ordering of my images. Also took an image from 43/I, just in case. Note that the archivist has written on the filza the Latinzed version as ""Amoheas de Cario""",,,,,1488,,,"Delcaration of the baptism of the fugitive Bulgarian slave Maddalena, 20 years old. Note that the first column of the filza was torn from the rest, so there may be a problem in the ordering of my images. Also took an image from 43/I, just in case. Note that the archivist has written on the filza the Latinzed version as ""Amoheas de Cario""",,,,,1488,,,,,,,,,"Andrea de Cairo, filza 43, series II, nr. 9 (formerly nr. 153)",1488-07-04,1488,"Delcaration of the baptism of the fugitive Bulgarian slave Maddalena, 20 years old. Note that the first column of the filza was torn from the rest, so there may be a problem in the ordering of my images. Also took an image from 43/I, just in case. Note that the archivist has written on the filza the Latinzed version as ""Amoheas de Cario""","Cairo, Andrea de",,,Notai antichi 823,,,,,,Franchixia,,,,,,,,,,,,,,,,,,,,,,,,,
"Girolamo Palmario accept the inheritance of Giacomo Palmario, who was freed by their parents (franchixia).",male,,,,1517,,,"Girolamo and Sperindeo Palmario accept the inheritance of a certain Giacomo Palmario, who was freed by their parents (franchixia).",,,,,1517,,,,,,,,,"Cristoforo Rollero, filza 7, item dated 1517-05-14",1517-05-14,1517,"Girolamo and Sperindeo Palmario accept the inheritance of a certain Giacomo Palmario, who was freed by their parents (franchixia).","Rollero, Cristoforo",,,Notai antichi 1214,,,,,,Adicio hereditatis,,,,,,,,,,,,,,,,,,,,,,,,,
"Sperindeo Palmario accept the inheritance of Giacomo Palmario, who was freed by their parents (franchixia).",male,,,,1517,,,"Girolamo and Sperindeo Palmario accept the inheritance of a certain Giacomo Palmario, who was freed by their parents (franchixia).",,,,,1517,,,,,,,,,"Cristoforo Rollero, filza 7, item dated 1517-05-14",1517-05-14,1517,"Girolamo and Sperindeo Palmario accept the inheritance of a certain Giacomo Palmario, who was freed by their parents (franchixia).","Rollero, Cristoforo",,,Notai antichi 1214,,,,,,Adicio hereditatis,,,,,,,,,,,,,,,,,,,,,,,,,
"In order to repay the redemption price, the Greek slave Anna, who is 40 years of age, undertakes to lend her work free of charge for 5 years to Agostino Centurione.",,,,,1498,,,"In order to repay the redemption price, the Greek slave Anna, who is 40 years of age, undertakes to lend her work free of charge for 5 years to Agostino Centurione.",,,,female,1458–1498,,,,,,,,,"Niccolò Raggi, filza 25, nr. 553",1498,1498,"In order to repay the redemption price, the Greek slave Anna, who is 40 years of age, undertakes to lend her work free of charge for 5 years to Agostino Centurione.","Raggi, Niccolò",,,Notai antichi 1037,,,,,,Franchixia,,,,,,,,,,,,,,,,,,,,,,,,,
"Maria da Cipro, a freed slave, pledges 5 lire to the Opsedale dello Scalo (Marchesani & Sperati, 326). Pandetta 26 (at the ASG) states that items for 1450 are in filza 10/II (Notai antichi 657). I will need to determine the correct reference for this document.",female,,,,1450,,,"Maria da Cipro, a freed slave, pledges 5 lire to the Opsedale dello Scalo (Marchesani & Sperati, 326). Pandetta 26 (at the ASG) states that items for 1450 are in filza 10/II (Notai antichi 657). I will need to determine the correct reference for this document.",,,,female,1450,,,,,,,,,"Branca Bagnara, filza 8, nr. 170",1450-06-23,1450,"Maria da Cipro, a freed slave, pledges 5 lire to the Opsedale dello Scalo (Marchesani & Sperati, 326). Pandetta 26 (at the ASG) states that items for 1450 are in filza 10/II (Notai antichi 657). I will need to determine the correct reference for this document.","Bagnara, Branca",,,Notai antichi 655,,,,,,Franchixia,,,,,,,,,,,,,,,,,,,,,,,,,
"Marta Erminia of Caffa, having been freed by the Sindicatori, agrees to serve Isotta Braccelli for 7 years and for 50 lire in order to reimburse Baliano Scotus of the sum advanced for the manumission (locatio post franchixia). The service was reduced to 5 years in case the slave had rented herself as a wet-nurse.",female,,,,1418,,,"A certain Marta Erminia of Caffa, having been freed by the Sindicatori, agrees to serve Isotta Braccelli for 7 years and for 50 lire in order to reimburse Baliano Scotus of the sum advanced for the manumission (locatio post franchixia). The service was reduced to 5 years in case the slave had rented herself as a wet-nurse.",,,,female,–1418,,,,,,,,,"Lorenzo Villa, filza 2, nr. 286",1418-09-05,1418,"A certain Marta Erminia of Caffa, having been freed by the Sindicatori, agrees to serve Isotta Braccelli for 7 years and for 50 lire in order to reimburse Baliano Scotus of the sum advanced for the manumission (locatio post franchixia). The service was reduced to 5 years in case the slave had rented herself as a wet-nurse.","Villa, Lorenzo",,,Notai antichi 488,,,,,,,,,,,,,,,,,,,,,,,,,,,,,,,
"On April 23, 1439 Stefano Rebuffo, a silk worker, insured against the risks of childbirth, for 160 lire of Genoa, his 28 year old Tartar slave Caterina, at the fifth month of pregnancy, from Pellegro Sucha. Caterina dies from the consequences of giving birth before the contract expires.",male,,,,1439,,,"On April 23, 1439 Stefano Rebuffo, a silk worker, insured against the risks of childbirth, for 160 lire of Genoa, his 28 year old Tartar slave Caterina, at the fifth month of pregnancy, from Pellegro Sucha. Caterina dies from the consequences of giving birth before the contract expires.",,,,,1439,,,,,,,,,"Branca Bagnara, filza 5, series II, nr. 125",1439-04-23,1439,"On April 23, 1439 Stefano Rebuffo, a silk worker, insured against the risks of childbirth, for 160 lire of Genoa, his 28 year old Tartar slave Caterina, at the fifth month of pregnancy, from Pellegro Sucha. Caterina dies from the consequences of giving birth before the contract expires.","Bagnara, Branca",,,Notai antichi 652,,,,,,Franchixia,,,,,,,,,,,,,,,,,,,,,,,,,
"Referes to a manumission dated 1413-10-02, where Angelo ---",,,,,1415,,,"Referes to a manumission dated 1413-10-02, where a certain Angelo --- frees the Tartaran slave Caterina, who is --- years of age, provided that she continues to serve as a wet nurse. The date is tentaive (soon after June 25).",,,,,1415,,,,,,,,,"Giuliano Canella, register 4, 1414–1415, fol. 262v *",1415-06-30,1415,"Referes to a manumission dated 1413-10-02, where a certain Angelo --- frees the Tartaran slave Caterina, who is --- years of age, provided that she continues to serve as a wet nurse. The date is tentaive (soon after June 25).","Canella, Giuliano",,,Notai antichi 481,,,,,,Franchixia,,,,,,,,,,,,,,,,,,,,,,,,,
Related to the dowry of a freed slave.,,,,,1520,,,Related to the dowry of a freed slave.,,,,,1520,,,,,,,,,"Cristoforo Rollero, filza 7, item dated 1520-06-25",1520-06-25,1520,Related to the dowry of a freed slave.,"Rollero, Cristoforo",,,Notai antichi 1214,,,,,,Franchixia,,,,,,,,,,,,,,,,,,,,,,,,,
"The Albanian slave Maddalena, whose age is not given, is freed ""con sentenza dei Sindacatori""",,,,,1480,,,"The Albanian slave Maddalena, whose age is not given, is freed ""con sentenza dei Sindacatori""",,,,,1480,,,,,,,,,"Girolamo Loggia, filza 2, series I, nr. 265",1480,1480,"The Albanian slave Maddalena, whose age is not given, is freed ""con sentenza dei Sindacatori""","Loggia, Girolamo",,,Notai antichi 1122,,,,,,Franchixia,,,,,,,,,,,,,,,,,,,,,,,,,
"The Bosnian Maria, “olim serva” of Gregorio de Franchis Sacco, makes her testament. She was freed in the act of Giovanni Costa, filza 2, item dated 1498-10-05.",,,,,1520,,,"The Bosnian Maria, “olim serva” of Gregorio de Franchis Sacco, makes her testament. She was freed in the act of Giovanni Costa, filza 2, item dated 1498-10-05.",,,,,1520,,,,,,,,,"Cristoforo Rollero, filza 7, nr. 313",1520-09-18,1520,"The Bosnian Maria, “olim serva” of Gregorio de Franchis Sacco, makes her testament. She was freed in the act of Giovanni Costa, filza 2, item dated 1498-10-05.","Rollero, Cristoforo",,,Notai antichi 1214,,,,,,Franchixia,,,,,,,,,,,,,,,,,,,,,,,,,
"The Circassian slave Maria, whose age is not given, is freed ""con sentenza dei Sindacatori""",,,,,1480,,,"The Circassian slave Maria, whose age is not given, is freed ""con sentenza dei Sindacatori""",,,,,1480,,,,,,,"Girolamo Loggia, filza 2, series I, nr. 247",1480,1480,"The Circassian slave Maria, whose age is not given, is freed ""con sentenza dei Sindacatori""","Loggia, Girolamo",,,Notai antichi 1122,,,,,,Franchixia,,,,,,,,,,,,,,,,,,,,,,,,,,,
"The former Mingrelian slave Caterina, whose age is not given, already freed with conditions by Raffaele de Salvo, has her appeal rejected by the Sindicatori. The date is tentative.",,,,,1479,,,"The former Mingrelian slave Caterina, whose age is not given, already freed with conditions by a certain Raffaele de Salvo, has her appeal rejected by the Sindicatori. The date is tentative.",,,,,1479,,,,,,,"Girolamo Loggia, filza 2, series I, nr. 72 *",1479-04-30,1479,"The former Mingrelian slave Caterina, whose age is not given, already freed with conditions by a certain Raffaele de Salvo, has her appeal rejected by the Sindicatori. The date is tentative.","Loggia, Girolamo",,,Notai antichi 1122,,,,,,Franchixia,,,,,,,,,,,,,,,,,,,,,,,,,,,
"The Greek slave Caterina, who is 26 years of age, having been declared free, undertakes to pay Mariolina Calvi, her former mistress, 42 lire.",,,,,1482,,,"The Greek slave Caterina, who is 26 years of age, having been declared free, undertakes to pay Mariolina Calvi, her former mistress, 42 lire.",,,,,1482,,,,,,,"Niccolò Raggi, filza 12, nr. 620",1482,1482,"The Greek slave Caterina, who is 26 years of age, having been declared free, undertakes to pay Mariolina Calvi, her former mistress, 42 lire.","Raggi, Niccolò",,,Notai antichi 1028,,,,,,Franchixia sclave,,,,,,,,,,,,,,,,,,,,,,,,,,,
The Moorish slave Francesco,,,,,1484,,,The Moorish slave Francesco frees himself from the obligation to serve Bartolomeo Calvi for three years by paying him 70 lire.,,,,,1484,,,,,,,"Niccolò Raggi, filza 14, nr. 812",1484,1484,The Moorish slave Francesco frees himself from the obligation to serve Bartolomeo Calvi for three years by paying him 70 lire.,"Raggi, Niccolò",,,Notai antichi 1028b,,,,,,Franchixia,,,,,,,,,,,,,,,,,,,,,,,,,,,
"The nuns of the ""Monastero dei Santi Giacomo e Filippo"" approve the marriage of the Tartaran slave Margherita, who is 28 years of age, with Giovanni, slave of Luciano Imperiale, and free her.",,,,,1383,,,"The nuns of the ""Monastero dei Santi Giacomo e Filippo"" approve the marriage of the Tartaran slave Margherita, who is 28 years of age, with Giovanni, slave of Luciano Imperiale, and free her.",,,,female,1383,,,,,,,"Guirardo Parisola, register 3, 1382–1383, fol. 9r",1383-01-13,1383,"The nuns of the ""Monastero dei Santi Giacomo e Filippo"" approve the marriage of the Tartaran slave Margherita, who is 28 years of age, with Giovanni, slave of Luciano Imperiale, and free her.","Parisola, Guirardo",,,Notai antichi 409,,,,,,Franchixia,,,,,,,,,,,,,,,,,,,,,,,,,,,
This relates to the loss of some slaves in Caffa.,,,,,1474,,,This relates to the loss of some slaves in Caffa.,,,,,1474,,,,,,,"Lorenzo Danove, filza 1, nr. 110",1474-08-06,1474,This relates to the loss of some slaves in Caffa.,"Danove, Lorenzo",,,Notai antichi 1092,,,,,,Franchixia,,,,,,,,,,,,,,,,,,,,,,,,,,,
"The Greek slave Elena, who is --- years of age, having been declared free by Girolamo de Camulio, the bishop of Chios, on account of being a Christian, promises to serve Nicola Picaluga for 5 years in return for the ransom he paid for her freedom.",,,,,1486,,,"The Greek slave Elena, who is --- years of age, having been declared free by a certain Girolamo de Camulio, the bishop of Chios, on account of being a Christian, promises to serve a certain Nicola Picaluga for 5 years in return for the ransom he paid for her freedom.",,,,female,1486,,,,,,,"Giovanni Battista Parisola, filza 6, series I, nr. 126",1486-05-19,1486,"The Greek slave Elena, who is --- years of age, having been declared free by a certain Girolamo de Camulio, the bishop of Chios, on account of being a Christian, promises to serve a certain Nicola Picaluga for 5 years in return for the ransom he paid for her freedom.","Parisola, Giovanni Battista",,,Notai antichi 956,,,,,,Promissio franchixie,,,,,,,,,,,,,,,,,,,,,,,,,,,
"The Sindacatori declare the Greek slave Anna, who is --- years of age, to be free. The date is approximate.",,,,,1479,,,"The Sindacatori declare the Greek slave Anna, who is --- years of age, to be free. The date is approximate.",,,,female,1479,,,,,,,"Girolamo Loggia, filza 2, series I, nr. 94 *",1479-05-20,1479,"The Sindacatori declare the Greek slave Anna, who is --- years of age, to be free. The date is approximate.","Loggia, Girolamo",,,Notai antichi 1122,,,,,,Franchixia,,,,,,,,,,,,,,,,,,,,,,,,,,,
"The Sindacatori declare the Greek slave Teodora, who is --- years of age, to be free. The date is approximate.",,,,,1479,,,"The Sindacatori declare the Greek slave Teodora, who is --- years of age, to be free. The date is approximate.",,,,female,1479,,,,,,,"Girolamo Loggia, filza 2, series I, nr. 95 *",1479-05-20,1479,"The Sindacatori declare the Greek slave Teodora, who is --- years of age, to be free. The date is approximate.","Loggia, Girolamo",,,Notai antichi 1122,,,,,,Franchixia,,,,,,,,,,,,,,,,,,,,,,,,,,,
