Start date,End date,Name,Number,Note
* 14100429,14120430,Ianotus de Carmo draperius,1,
* 14100429,14120430,Elianus de la Castanea,2,
* 14100429,14120430,Benedictus de Marinis,3,
* 14100429,14120430,Dominicus Imperialis legum doctor,4,
* 14100429,14120430,Raffael Iustinianus de Monelia,5,
* 14100429,14120430,Baptista Salvaigus,6,
* 14100429,14120430,Nicolaus Sauli,8,
* 14100429,14120430,Gabriel Spinula de Sancto Luca,7,
,, ,,
14120501,14130430,Stephanus legum doctor Cattaneus,1,
14120501,14130430,Clemens Ansaldi de Auria,2,
14120501,14130430,Cattaneus de Marinis,3,
14120501,14130430,Clemens de Prementorio,4,
14120501,14130430,Inoflius notarius de Putheo,5,
14120501,14130430,Bartholomeus de Ricobono,6,
14120501,14130430,Iohannes Branchaleonis Grillus,7,
14120501,* 14120804,Paulus de Montaldo,8,
* 14120825,14130430,Ieronimus Oberti Iustinianus,"8,1",S
,, ,,
14130501,* 14131107,Georgius Cigalla,1,
14130501,* 14140319,Petrus q. magistri Antonii de Franchis olim Iulla,2,
14130501,14151231,Masimus notarius de Iudicibus,3,
14130501,14151231,Cattaneus de Vivaldis,4,
14130501,* 14140319,Raffael Iudex,5,
14130501,14151231,Iacobus q. Antonii Iustinianus,6,
14130501,14151231,Manfredus Salvaigus,7,
14130501,14151231,Lucianus Cipriani Spinula,8,
* 14131205,14151231,Baptistus legum doctor Cigalla,"1,1",S
* 14140511,* 14140727,Bartholomeus Porchus,"5,1",S
* 14140907,14151231,Christoforus Iudex,"5,2",S
,, ,,
14160101,14170430,Iacobus Andrioli de Auria,1,
14160101,14170430,Bartholomeus de Campofregoso olim Porchus,2,
14160101,14170430,Fredericus de Prementorio,3,
14160101,14170430,Inofius / Inoflius de Vignolo,4,
14160101,14170430,Dominicus Lercarius,5,
14160101,14170430,Antonius Lomelinus,6,
14160101,14170430,Andreas Maruffus,7,
14160101,14170430,Raffael Squarzaficus,8,
,, ,,
14170501,14190430,Dominicus de Fossatello,1,
14170501,* 14190221,Petrus de Furnariis,2,
14170501,14190430,Georgius de Marinis,3,
14170501,* 14170916,Bartholomeus de Ricobono,4,
14170501,14190430,Iohannes Branchaleonis Grillus,5,
14170501,14190430,Ieronimus Iustinianus de Monelia,6,
14170501,14190430,Ianotus q. Manuelis Lomelinus,7,
14170501,14190430,Lucianus Cipriani Spinula de Sancto Luca,8,
14190404,14190430,Guiraldus de Furnariis,"2,1",S
* 14171218,* 14181213,Franciscus de Romeo,"4,1",S
* 14190124,14190430,Inofius de Vignollo,"4,2",S
,, ,,
14190501,14210731,Dominicus de Fossatello,1,
14190501,14210731,Iohannes q. Raffaelis de Franchis Luxardus,2,
14190501,* 14200213,Ansaldus de Grimaldis,3,
14190501,14210731,Thomas de Iudicibus ( Iudex),4,
14190501,14210731,Antonius de Viviano,5,
14190501,? 14200116,Thomas Italianus,6,
14190501,14210731,Mattheus Lomelinus,7,
14190501,* 14210717,Lucianus Spinula,8,
* 14200501,14210731,Rabella de Grimaldis,"3,1",S
* 14200213,14210731,Ambrosius Grillus,"6,1",S
* 14210724,14210731,Benedictus de Nigrono,"8,1",S
,, ,,
14210801,14220731,Baptistus legum doctor Cigalla,1,
14210801,14220122,Dominicus de Fossatello,2,
14210801,14220731,Petrus de Franchis Iulia,3,
14210801,14220731,Dominicus de Furnariis,4,
14210801,14220731,Gregorius de Marinis,5,
14210801,14220107,Ambrosius Grillus,6,
14210801,14220731,Ambroxius Iustinianus de Brancha,7,
14210801,14220731,Carolus Lomelinus,8,
14220107,14220731,Lucianus Spinula,"2,1",S
14220107,* 14220313,Andreas Maruffus,"6,1",S
* 14220313,14220731,Andalo Maruffus,"6,2",S
,, ,,
14220801,14241231,Baptistus legum doctor Cigalla,1,
14220801,14241231,Petrus de Franchis Iulia,2,
14220801,14241231,Dominicus de Furnariis,3,
14220801,14241231,Gregorius de Marinis,4,
14220801,* 14230316,Ambroxius Iustinianus de Brancha,5,
14220801,14241231,Carolus Lomelinus,6,
14220801,14241231,Andalo Maruffus,7,
14220801,14241231,Lucianus Spinula,8,
* 14230628,14241231,Antonius de Alegro,"5,1",S
,, ,,
14250101,14261231,Antonius q. Philippi de Auria,1,
14250101,14261231,Bartholomeus de Boscho,2,
14250101,* 14250217,Nicolaus q. Lodisii de Flisco,3,
14250101,14261231,Dominicus de Fossatello,4,
14250101,14261231,Petrus q. Antonii de Mari,5,
14250101,14261231,Thomas Iudex,6,
14250101,* 14250217,Obertus q. Pauli Iustinianus,7,
14250101,14261231,Dominicus Lercarius,8,
* 14250521,14261231,Antonius q. Antonii Lomelinus,"3,1",S
* 14250521,14261231,Iohannes Scalia,"7,1",S
,, ,,
14270101,* 14271021,Cosmas Adurnus,1,
14270101,14281231,Baptista de Furnariis,2,
14270101,14281231,Lucianus de Grimaldis,3,
14270101,14281231,Nicolaus de Guiso,4,
14270101,14281231,Damianus de Nigro,5,
14270101,14281231,Bartholomeus de Vignollo,6,
14270101,14281231,Alerame Salvaigus,7,
14270101,14281231,Paulus Spinula,8,
* 14280211,14281231,Simon Iustinianus,"1,1",S
,, ,,
14290101,14301231,Paulus de Albario,1,
14290101,* 14300121,Iohannes q. Bartholomei de Auria,2,
14290101,14301231,Marcus de Cassina,3,
14290101,* 14300121,Christoforus de Franchis olim Sachus,4,
14290101,14301231,Dominicus de Marinis,5,
14290101,14301231,Iohannes de Thoma (de Thomatis),6,
14290101,* 14300502,Gaspar Gentilis,7,
14290101,* 14300614,Franciscus q. Neapolionis Lomelinus,8,
* 14300206,14300614,Ansaldus q. Casani de Auria,"2,1",S
* 14300206,14301231,Iohannes q. Raffaelis de Franchis Luxardus,"4,1",S
* 14300519,14301231,Iohannes q. Alberti Grillus,"7,1",S
* 14300926,14301231,Baptista q. Georgii Lomelinus,"8,1",S
,, ,,
14310101,14321231,Cosmas Adurnus,1,
14310101,14321231,Petrus Bondenarius,2,
14310101,* 14320107,Percival Centurionus,3,
14310101,14321231,Iohannes de Odino,4,
14310101,14321231,Thomas de Vivaldis,5,
14310101,14321231,Ianus Lercarius,6,
14310101,14321231,Cosmas Scalia,7,
14310101,* 14320107,Raffael q. Raffaelis Spinula,8,
* 14320611,14321231,Lucas q. Ansaldi de Grimaldis,"3,1",S
* 14320611,14321231,Iohannes Nicolai Spinula,"8,1",S
,, ,,
14330101,* 14330422,Gabriel q. Simonis de Auria,1,
14330101,* 14340420,Baptista de Furnariis,2,
14330101,14341231,Lucas q. Ansaldi de Grimaldis,3,
14330101,* 14340420,Eligius Fatinanti,4,
14330101,* 14340727,Bartholomeus Gambonus,5,
14330101,14341231,Argonus Iustinianus,6,
14330101,14341231,Stefanus Lomelinus,7,
14330101,14341231,Alerame Salvaigus,8,
* 14330622,14341231,Obertus q. Iacobi de Auria,"1,1",S
* 14340420,14341231,Rafael de Cassina,"2,1",S
* 14340420,14341231,Bartholomeus de Franchis,"4,1",S
* 14340727,14341231,Edoardus de Prementorio,"5,1",S
,, ,,
14350101,14361231,Gaspar Cattaneus,1,
14350101,14361231,Paulus de Albario,2,
14350101,14361231,Cattaneus de Camilla,3,
14350101,14361231,Nicolaus de Columpnis Castanea,4,
14350101,14361231,Antonius de Guibertis,5,
14350101,14361231,Simon Matia,6,
14350101,14361231,Iohannes Scalia,7,
14350101,14361231,Paulus Spinula,8,
,, ,,
14370101,14381231,Nicolaus q. Dominici de Auria,1,
14370101,14381231,Petrus de Flisco,2,
14370101,14381231,Franciscus de Franchis Vignosus,3,
14370101,14381231,Petrus de Mari,4,
14370101,14381231,Iohannes de Odino,5,
14370101,* 14380130,Peregrus de Prementorio,6,
14370101,14381231,Iohannes Iustinianus de Campis,7,
14370101,14381231,Baptista q. Georgii Lomelinus,8,
* 14380423,14381231,Eduardus de Prementorio,"6,1",S
,, ,,
14390101,14401231,Marcus de Cassina,1,
14390101,14401231,Baptista de Furnariis,2,
14390101,14401231,Lucianus de Grimaldis,3,
14390101,14401231,Augustinus de Nigrono,4,
14390101,14401231,Martinus de Oliva,5,
14390101,14401231,Andalo Maruffus,6,
14390101,14401231,Raffael Squarsaficus,7,
14390101,14401231,Christoforus Tonsus,8,
,, ,,
14410101,14421231,Iohannes de Albario,1,
14410101,14421231,Lodisius de Franchis olim de Bulgaro,2,
14410101,* 14421209,Andreas de Marinis,3,
14410101,14421231,Gaspar Gentilis,4,
14410101,14421231,Thomas Iudex,5,
14410101,14421231,Simon Iustinianus,6,
14410101,14421231,Stephanus Lomelinus,7,
14410101,14421231,Salvagius Spinula,8,
* 14420423,14421207,Iohannes Ambrosius de Marinis,"3,1",S
,, ,,
14430101,14441231,Lamba de Auria,1,
14430101,14441231,Lucas de Grimaldis,2,
14430101,14441231,Petrus de Mari,3,
14430101,14441231,Lodisius de Nairono,4,
14430101,14441231,Octavianus de Vivaldis,5,
14430101,14441231,Iohannes Navonus,6,
14430101,14441231,Iohannes Scalia,7,
14430101,14441231,Thomas Ususmaris,8,
,, ,,
14450101,14451231,Marcus de Cassina,1,
14450101,14451231,Franciscus de Franchis olim Vignosus,2,
14450101,14451231,Baptista de Furnariis,3,
14450101,14451231,Petrus de Mari,4,
14450101,14451231,Martinus de Oliva,5,
14450101,14451231,Iohannes Iustinianus olim de Campis,6,
14450101,* 14450618,Baptista Lomelinus,7,
14450101,14451231,Benedictus q. Luciani Spinula,8,
* 14450818,14451231,Benedictus Lomelinus,"7,1",S
,, ,,
14460101,14461231,Dominicus Bartholomeus de Auria,1,
14460101,14461231,Antonius de Casana,2,
14460101,14461231,Lucianus de Grimaldis,3,
14460101,14461231,Edoardus de Prementorio,4,
14460101,14461231,Bartholameus de Zoalio,5,
14460101,14461231,Ieronimus Lercarius,6,
14460101,14461231,Manuel Salvaigus,7,
14460101,14461231,Christoforus Tonsus,8,
,, ,,
14470101,14471231,Badasar Ceba,1,
14470101,14471231,Guirardus de Goano,2,
14470101,14471231,Urbanus de Nigro,3,
14470101,14471231,Lodisius de Oliva,4,
14470101,14471231,Ilarius Grillus,5,
14470101,14471231,Simon Iustinianus,6,
14470101,14471231,Andalo Maruffus,7,
14470101,14471231,Albertus Spinula,8,
,, ,,
14480101,14481231,Petrus Baptista de Auria,1,
14480101,14481231,Dominicus de Bargalio,2,
14480101,14481231,Andreas de Franchis Turturinus,3,
14480101,14481231,Augustinus de Furnariis,4,
14480101,14481231,Andreas de Marinis,5,
14480101,14481231,Obertus de Rocha,6,
14480101,14481231,Barnabas de Vivaldis,7,
14480101,14481231,Baptista q. Georgii Lomelinus,8,
,, ,,
14490101,14491231,Darius Calvus,1,
14490101,14491231,Gaspar Cattaneus,2,
14490101,14491231,Thomas de Domoculta,3,
14490101,14491231,Lucas de Grimaldis,4,
14490101,14491231,Nicolaus de Monelia,5,
14490101,14491231,Paulus Iudex,6,
14490101,14491231,Iacobus q. Antonii Iustinianus,7,
14490101,14491231,Francus q. Oberti Spinula,8,
,, ,,
14500101,14501231,Paulus de Auria,1,
14500101,14501231,Marcus de Cassina,2,
14500101,* 14500421,Petrus de Mari,3,
14500101,14501231,Iacobus de Oliva,4,
14500101,14501231,Iacobus de Riparolio,5,
14500101,14501231,Stephanus Lomelinus,6,
14500101,14501231,Iohannes Scalia,7,
14500101,14501231,Thomas Ususmaris,8,
* 14500608,14501231,Brancaleo Grillus,"3,1",S
,, ,,
14510101,14511231,Gaspar Gentilis,1,
14510101,14511231,Lucianus de Grimaldis,2,
14510101,14511231,Manuel q. Antonii de Rapallo,3,
14510101,14511231,Iohannes Iustinianus olim de Campi,4,
14510101,14511231,Baldasar Maruffus,5,
14510101,14511231,Antonius Navonus,6,
14510101,14511231,Franciscus Salvaigus,7,
14510101,14511231,Baptista q. Georgii Spinula,8,
,, ,,
14520101,14521231,Michael Capelinus,1,
14520101,14521231,Bartholomeus q. Iacobi de Auria,2,
14520101,14521231,Antoniotus de Franchis Turturinus,3,
14520101,14521231,Iohannes de Invrea,4,
14520101,14521231,Donainus de Marinis,5,
14520101,14521231,Pelegrus de Prementorio,6,
14520101,14521231,Darius de Vivaldis,7,
14520101,14521231,Baptista q. Georgii Lomelinus,8,
,, ,,
14530101,14531231,Filippus Cattaneus,1,
14530101,14531231,Nicolaus de Furnariis,2,
14530101,14531231,Guirardus de Goano,3,
14530101,14531231,Nicolaus de Grimaldis olim Ceba,4,
14530101,14531231,Urbanus de Nigro,5,
14530101,14531231,Iohannes de Triadano,6,
14530101,14531231,Andalo Maruffus,7,
14530101,14531231,Benedictus q. Luciani Spinula,8,
,, ,,
14540102,14541231,Antonius q. Petri de Auria,1,
14540102,14541231,Iacobus de Axereto,2,
14540102,14541231,Pelegrus de Monelia,3,
14540102,14541231,Simon de Nigrono,4,
14540102,14541231,Antonius de Ponte,5,
14540102,14541231,Antonius q. Iacobi Iustinianus,6,
14540102,14541231,Egidius Lomelinus,7,
14540102,14541231,Meliadux Salvaigus,8,
,, ,,
14550101,14551231,Antonius q. Guirardi Caffarotus,1,
14550101,14551231,Antonius q. Guirardi de Casana,2,
14550101,14551231,Martinus de Grimaldis,3,
14550101,14551231,Marcus de Marinis,4,
14550101,14551231,Antonius q. Guirardi Gentilis,5,
14550101,14551231,Paulus Iudex,6,
14550101,14551231,Franciscus Scalia,7,
14550101,14551231,Iacobus q. Bartholomei Spinula de Luculo,8,
,, ,,
14560101,14561231,Paulus de Auria,1,
14560101,14561231,Silvester de Brignali,2,
14560101,14561231,Baptista q. Raphaelis de Cassina,3,
14560101,14561231,Iacobus q. Hectoris de Flisco,4,
14560101,14561231,Andronicus de Franchis de Burgaro,5,
14560101,14561231,Gaspar Christoferi de Passano,6,
14560101,14561231,Antonius Mathei Lomelinus,7,
14560101,14561231,Thobias Damiani Pallavicinus,8,
,, ,,
14570101,14571231,Iohannes Ambrosius de Marinis,1,
14570101,14571231,Petrus q. Antonii de Oliva,2,
14570101,14571231,Darius de Vivaldis,3,
14570101,14571231,Iohannes q. Danielis Iustinianus,4,
14570101,14571231,Franciscus Salvaigus,5,
14570101,14571231,Bendinellus Sauli,6,
14570101,* 14571008,Baptista q. Georgii Spinula,7,
14570101,14571231,Ieronimus notarius Stella,8,
* 14571205,14571231,Antonius q. Ambrosii Spinula,"7,1",S
,, ,,
14580101,14581231,Lodisius de Auria,1,
14580101,14581231,Antonius de Canali,2,
14580101,14581231,Benedictus de Nigro,3,
14580101,14581231,Antonius de Sale,4,
14580101,14581231,Badasar Lomelinus,5,
14580101,14581231,Iulianus Maruffus,6,
14580101,14581231,Iohannes Piccamilium,7,
14580101,14581231,Lucas Salicetus,8,
,, ,,
14590101,14591231,Iohannes de Bartolomeo,1,
14590101,14591231,Thomas de Columnis Castanea,2,
14590101,14591231,Iohannes de Domoculta,3,
14590101,14591231,Paulus de Franchis olim Turturinus,4,
14590101,14591231,Manuel de Grimaldis olim de Oliva,5,
14590101,14591231,Dominicus de Prementorio,6,
14590101,14591231,Marcus Grillus,7,
14590101,14591231,Obertus Spinula,8,
,, ,,
14600101,14601231,Brancaleo de Auria,1,
14600101,14601231,Urbanus de Nigro,2,
14600101,14601231,Andreas notarius de Rocha,3,
14600101,14601231,Nicolaus Italianus,4,
14600101,14601231,Paulus Iustinianus,5,
14600101,14601231,Gregorius Lomelinus,6,
14600101,14601231,Bartholomeus Sauli,7,
14600101,14601231,Christoforus Venerosus,8,
,, ,,
14610101,14611231,Filippus de Camilla,1,
14610101,14611231,Iohannes Baptiusta Luce de Grimaldis,2,
14610101,14611231,Iacobus de Guiso,3,
14610101,14611231,Bartholomeus stagnarius de Parma,4,
14610101,14611231,"Iacobus, seaterius de Placentia",5,
14610101,14611231,Tobias q. Damiani Gentilis olim Palavicinus,6,
14610101,14611231,Iohannes Franciscus Parmarius,7,
14610101,14611231,Ieronimus q. Benedicti Spinula,8,
,, ,,
14620101,14621231,Iacobus Cigalla,1,
14620101,14621231,Antonius q.Petri de Auria,2,
14620101,14621231,Matheus de Bracellis,3,
14620101,14621231,Antoniotus de Cabella,4,
14620101,14621231,Andronicus de Franchis de Burgaro,5,
14620101,* 14620108,Marcus de Cassina,6,
14620101,14621231,Benedictus Lercarius,7,
14620101,14621231,Dominicus Lomelinus,8,
* 14620108,14621231,Pelegrus de Monelia,"6,1",S
,, ,,
14630101,14631231,Guirardus de Goano,1,
14630101,14631231,Lucianus de Grimaldis,2,
14630101,14631231,Marcus de Marinis,3,
14630101,14631231,Ieronimus de Sale,4,
14630101,14631231,Iohannes q. Ambrosii Iustinianus olim de Banci,5,
14630101,14631231,Galeacius Pinellus,6,
14630101,14631231,Manuel Salvaigus,7,
14630101,14631231,Octobonus Scalia,8,
,, ,,
14640101,14641231,Bardasar Adurnus,1,
14640101,14641231,Baptista lanerius de Albara,2,
14640101,14641231,Antonius faber de Platono,3,
14640101,14641231,Salvagius de Vivaldis,4,
14640101,14641231,Pancratius Gentilis olim Falamonica,5,
14640101,14641231,Bardasar Lomelinus,6,
14640101,14641231,Bendinellus Sauli,7,
14640101,14641231,Alexander Spinula,8,
,, ,,
14650101,14651231,Raphael de Andoria,1,
14650101,14651231,Iacobus q. Bartholomei de Auria,2,
14650101,14651231,Antonius de Casana,3,
14650101,14651231,Matheus de Flisco,4,
14650101,14651231,Christoferus de Podio,5,
14650101,14651231,Bartholomeus Italianus,6,
14650101,14651231,Baptista q. Iohannis Iustinianus,7,
14650101,14651231,Benedictus Salvaigus,8,
,, ,,
14660101,14661231,Paulus Baptista Calvus,1,
14660101,14661231,Thomas Cigala,2,
14660101,14661231,Andreas de Domoculta,3,
14660101,14661231,Raphael de Franchis de Burgaro,4,
14660101,14661231,Iohannes Ambroxius de Marinis,5,
14660101,14661231,Peregrus de Monelia,6,
14660101,14661231,Ambrosius Pinellus,7,
14660101,14661231,Laurentius Presenda,8,
,, ,,
14670101,14671231,Antonius Argiroffus,1,
14670101,14671231,Marcus Cattaneus,2,
14670101,14671231,Iohannes de Bartholomeo,3,
14670101,14671231,Alaonus Gentilis,4,
14670101,14671231,Petrus Scalia,5,
14670101,14671231,Marcus Lercarius,6,
14670101,14671231,Leonardus Sauli,7,
14670101,14671231,Ambrosius q. A. Spinula,8,
,, ,,
14680101,14681231,Iohannes de Invrea,1,
14680101,14681231,Nicolaus de Marinis,2,
14680101,14681231,Lazarus de Auria,3,
14680101,14681231,Nicolaus Italianus,4,
14680101,14681231,Carolus Lomelinus,5,
14680101,14681231,Iulianus Maruffus,6,
14680101,14681231,Iohannes Franciscus Parmarius,7,
14680101,14681231,Rafael Richeme,8,
,, ,,
14690101,14691231,Antonius Boconus,1,
14690101,* 14690515,Philippus de Camilla,2,
14690101,?,Iohannes Baptista de Grimaldis,3,
14690101,14691231,Hieronimus de Montessoro,4,
14690101,14691231,Lucianus de Rocha,5,
14690101,14691231,Christoferus de Salvo,6,
14690101,14691231,Bartholomeus Imperialis,7,
14690101,14691231,Iohannes Franciscus Spinula,8,
* 14690515,14691231,Gregorius Lercarius,"2,1",S
?,14691231,Paulus Lomelinus,"3,1",S
,, ,,
14700101,14701231,Ceva de Auria,1,
14700101,14701231,Antoniotus de Cabella,2,
14700101,14701231,Hieronimus de Sale,3,
14700101,14701231,Darius de Vivaldis,4,
14700101,14701231,Antonius Iustinianus,5,
14700101,14701231,Paulus q. Stephani Lomelinus,6,
14700101,14701231,Francus Pinellus olim Lucianus,7,
14700101,14701231,Bendinellus Sauli,8,
,, ,,
14710101,14711231,Ieronimus de Assereto,1,
14710101,14711231,Constantinus de Marinis,2,
14710101,14711231,Iacobus de Placentia,3,
14710101,14711231,Dominicus de Prementorio,4,
14710101,14711231,Ieronimus Gentilis,5,
14710101,14711231,Paulus Maruffus,6,
14710101,14711231,Iulianus Salvaigus,7,
14710101,14711231,Antonius q. Ambrosii Spinula,8,
,, ,,
14720101,14721231,Paulus de Auria,1,
14720101,14721231,Hieronimus de Grimaldis olim Ceba,2,
14720101,14721231,Peregrus de Mandello,3,
14720101,14721231,Gaspar Simonis de Nigrono,4,
14720101,14721231,Bartholomeus Italianus,5,
14720101,14721231,Baptista q. Iohannis Iustinianus,6,
14720101,14721231,Antonius Pichenotus,7,
14720101,14721231,Antonius Restanus,8,
,, ,,
14730101,14731231,Augustinus Caffarotus,1,
14730101,14731231,Marcus Cattaneus,2,
14730101,14731231,Iacobus de Amigdola,3,
14730101,14731231,Iohannes Petrus de Vivaldis,4,
14730101,14731231,Iohannis q. Andree Gentilis,5,
14730101,14731231,Leonardus Sauli,6,
14730101,14731231,Franciscus Scalia,7,
14730101,14731231,Alexander q. Opicini Spinula,8,
,, ,,
14740101,14741231,Fredericus Cigalla,1,
14740101,14741231,Alaonus de Auria,2,
14740101,?,Iohannes Antonius de Canali,3,
14740101,14741231,Antonius de Cassina,4,
14740101,14741231,Ianus de Galiano,5,
14740101,14741231,Iohannes Baptista de Grimaldis,6,
14740101,14741231,Iacobus Iustinianus,7,
14740101,?,Gregorius Lercarius,8,
?,14741231,Antonius Argiroffus,"3,1",S
?,14741231,Augustinus Lomelinus,"8,1",S
,, ,,
14750101,14751231,Antonius Boconus,1,
14750101,14751231,Christoferus de Davania,2,
14750101,14751231,Filippus de Camilla,3,
14750101,14751231,Iohannes de Franchis Figomus,4,
14750101,14751231,Ambrosius de Marinis,5,
14750101,14751231,Raphael de Vivaldis,6,
14750101,14751231,Angelus Ihocia,7,
14750101,14751231,Casanus Spinula,8,
,, ,,
14760101,14761231,Iacobus de Casanova,1,
14760101,14761231,Nicolaus de Marco,2,
14760101,14761231,Dominicus de Prementorio,3,
14760101,14761231,Philippus de Nigro,4,
14760101,* 14761001,Ceva de Auria,5,
14760101,* 14761001,Baptista Gentilis,6,
14760101,14761231,Philippus Lomelinus,7,
14760101,14761231,Ieronimus de Sale,8,
,, ,,
14770101,14771231,Philippus de Goano,1,
14770101,14771231,Galeatius de Levanto,2,
14770101,14771231,Nicolaus de Marinis,3,
14770101,14771231,Christoferus de Sarno,4,
14770101,14771231,Paris de Flisco,5,
14770101,14771231,Iulianus Salvaigus,6,
14770101,14771231,Bendinellus Sauli,7,
14770101,14771231,Ambrosius Spinula,8,
14770101,14771231,Iohannes Guirardus,"4,1",S
14770101,14771231,Iohannes Strata,"4,2",S
14770101,14771231,Nicolaus de Marchi,"7,1",S
,, ,,
14780101,14781231,Raphael de Andoria,1,
14780101,14781231,Raphael de Auria,2,
14780101,14781231,Bartholomeus de Maiollo,3,
14780101,14781231,Iulianus de Nigro,4,
14780101,14781231,Baptista de Ricobono,5,
14780101,14781231,Marchus Gentilis,6,
14780101,14781231,Antonius Iustinianus,7,
14780101,14781231,Carolus Lomelinus,8,
14780101,14781231,Obertus de Goano,"1,1",S
14780101,14781231,Iohannes Salvaigus,"4,1",S
14780101,14781231,Gregorius de Casana,"5,1",S
,, ,,
14790101,14791231,Marcus Cattaneus,1,
14790101,14791231,Iacobus de Amigdola,2,
14790101,14791231,Iohannes de Sancto Salvatore,3,
14790101,14791231,Lucianus de Rocha,4,
14790101,14791231,Iohannes Petrus de Vivaldis,5,
14790101,* 14790331,Franciscus q. Triadani Lomelinus,6,
14790101,14791231,Paulus Maruffus,7,
14790101,14791231,Anfreonus Spinula,8,
* 14790331,14791231,Iohannes Salvaigus,"6,1",S
,, ,,
14800101,14801231,Iohannes Baptista de Sale,1,
14800101,14801231,Paulus de Auria,2,
14800101,14801231,Petrus notarius de Facio,3,
14800101,14801231,Petrus Gentilis Pillavicinus,4,
14800101,14801231,Thomas de Marinis Castanea,5,
14800101,14801231,Iacobus Iustinianus,6,
14800101,14801231,Acelinus Lercarius,7,
14800101,14801231,Pasqual Sauli,8,
,, ,,
14810101,14811231,Henricus de Franchis Tonsus,1,
14810101,14811231,Angelus de Grimaldis Ceba,2,
14810101,14811231,Christopherus de Podio,3,
14810101,14811231,Leonel de Vivaldis,4,
14810101,14811231,Obertus Folieta,5,
14810101,14811231,Balthasar Lomelinus,6,
14810101,14811231,Franciscus Salutius,7,
14810101,14811231,Antonius q. Bartholomei Spinula,8,
,, ,,
14820101,14821231,Baptista q. Bartholomei de Auria,1,
14820101,14821231,Stephanus de Bracellis,2,
14820101,14821231,Ambrosius de Marinis,3,
14820101,14821231,Stephanus q. Iohannis de Monelia,4,
14820101,14821231,Melchion Simonis de Nigrono,5,
14820101,14821231,Dominicus de Prementorio,6,
14820101,14821231,Iohannes q. Andree Gentilis,7,
14820101,14821231,Peregrus Rebuffus,8,
,, ,,
14830101,14831231,Fredericus Cigala,1,
14830101,14831231,Ieronimus de Andoria,2,
14830101,14831231,Philipus de Goano,3,
14830101,14831231,Angelus de Maiollo,4,
14831128,14831231,Ieronimus de Illionibus,5,
14830101,14831231,Benedictus Lercarius,6,
14830101,14831231,Gentilis de Camilla,7,
14830101,14831231,Iohannes Franciscus Spinula,8,
,, ,,
14840101,14841231,Acelinus Cattaneus,1,
14840101,* 14840818,Lodisius de Auria,2,
14840101,14841231,Christoferus de Davania,3,
14840101,14841231,Manuel de Grimaldis Ceba,4,
14840101,* 14840911,Nicolaus de Marco,5,
14840101,14841231,Aleramus Gentilis Pillavicinus,6,
14840101,14841231,Angelus Ihocia,7,
14840101,14841231,Stephanus q. Antonii Iustinianus,8,
* 14840818,14841231,Obertus q. Raph. de Auria,"2,1",S
* 14840911,* 14840911,Paulus Maruffus,"5,1",S
* 14841116,14841231,Gregorius de Casana,"5,2",S
,, ,,
14850101,14851231,Augustinus Caffarotus,1,
14850101,14851231,Raphael de Andoria de Sopranis,2,
14850101,14851231,Iacobus de Casanova,3,
14850101,14851231,Paris de Flisco,4,
14850101,14851231,Filippus q. E. Lomelinus,5,
14850101,14851231,Lucas Pinellus,6,
14850101,14851231,Antonius Sauli,7,
14850101,14851231,Ambrosius q. A. Spinula,8,
,, ,,
14860101,14861231,Iacobus q. L. Cattaneus,1,
14860101,14861231,Bernardus Cazella,2,
14860101,14861231,Constantinus q. Bart. de Auria,3,
14860101,14861231,Petrus Baptista de Guiso,4,
14860101,14861231,Baptista de Passagio,5,
14860101,14861231,Iohannes Petrus q. B. de Vivaldis,6,
14860101,14861231,Iacobus q. Iac. Iustinianus,7,
14860101,14861231,Marcus Lercarius,8,
,, ,,
14870101,14871231,Iohannes Baptista Adurnus,1,
14870101,14871231,Bartholomeus Calvus,2,
14870101,14871231,Stephanus de Bracellis,3,
14870101,14871231,Gentilis vvv de Camilla,4,
14870101,14871231,Peregrus de Vultabio,5,
14870101,14871231,Antonius Iuliani Salvaigus,6,
14870101,14871231,Pascal vvv Sauli,7,
14870101,14871231,Casanus Spinula,8,
,, ,,
14880101,14881231,Christophorus Cattaneus,1,
14880101,14881231,Augustinus q. Branca de Auria,2,
14880101,14881231,Stephanus de Clavaro,3,
14880101,14881231,Barnabas de Ilice,4,
14880101,14881231,Ambroxius de Marinis,5,
14880101,14881231,Stephanus de Monelia,6,
14880101,14881231,Petrus de Persio,7,
14880101,14881231,Franciscus Lomelinus,8,
,, ,,
14890101,14891231,Elianus Centurionus,1,
14890101,14891231,Enricus de Camilla,2,
14890101,14891231,Angelus draperius de Crovaria,3,
14890101,14891231,Franciscus de Franchis de Burgaro,4,
14890101,14891231,Iohannes q. Andree Gentilis,5,
14890101,14891231,Francus Iustinianus de Bancha,6,
14890101,14891231,Iacobus seapterius Paxerius,7,
14890101,14891231,Antonius Spinula,8,
,, ,,
14900101,14901231,Nicolaus de Amigdola,1,
14900101,14901231,Augustinus de Auria,2,
14900101,14901231,Iulianus de Grimaldis,3,
14900101,14901231,Hieronimus de Illionibus,4,
14900101,14901231,Angelus de Maiollo,5,
14900101,14901231,Baptista Piccamilius,6,
14900101,14901231,Acelinus Salvaigus,7,
14900101,14901231,Gentilis Sopranis de Riparolio,8,
,, ,,
14910101,14911231,Raphael Centurionus,1,
14910101,14911231,Simon de Bracellis,2,
14910101,14911231,Filippus de Camilla,3,
14910101,14911231,Gaspar de Davania,4,
14910101,14911231,Augustinus Lomelinus,5,
14910101,14911231,Antonius Sauli,6,
14910101,14911231,Antonius Spinula,7,
14910101,14911231,Iulianus Stella,8,
,, ,,
14920101,14921231,Augustinus Caffarotus,1,
14920101,14921231,Stephanus de Auria,2,
14920101,14921231,Georgius de Grimaldis,3,
14920101,14921231,Iohannes Petrus de Vivaldis,4,
14920101,14921231,Stephanus Iustinianus,5,
14920101,14921231,Paulus Lercarius,6,
14920101,14921231,Augustinus Presenda,7,
14920101,14921231,Pelegrus Rebuffus,8,
,, ,,
14930101,14931231,Lucianus Centurionus,1,
14930101,14931231,Andreas Cicer,2,
14930101,14931231,Paulus de Amigdola,3,
14930101,14931231,Iohannes de Novis,4,
14930101,14931231,Marcus Gentilis,5,
14930101,14931231,Nicolaus Lomelinus,6,
14930101,14931231,Pasqual Sauli,7,
14930101,14931231,Iohannes Baptista Spinula,8,
,, ,,
14940101,14941231,Christopherus Cattaneus,1,
14940101,14941231,Raffus de Auria,2,
14940101,14941231,Francus de Goano,3,
14940101,14941231,Angelus q. Nicolai de Grimaldis,4,
14940101,14941231,Iacobus de Ianelo de Castiliono,5,
14940101,14941231,Franciscus de Sopranis de Riparolio,6,
14940101,14941231,Ieronimus Iustinianus de Bancha,7,
14940101,14941231,Anfreonus Ususmaris,8,
,, ,,
14950101,14951231,Paulus de Franchis de Burgaro,1,
14950101,14951231,Angelus de Crovaria,2,
14950101,14951231,Gregorius de Marinis,3,
14950101,14951231,Stephanus de Monelia,4,
14950101,14951231,Franciscus Lomelinus,5,
14950101,14951231,Raphael Ragius,6,
14950101,14951231,Ambrosius Salvaigus,7,
14950101,14951231,Antonius q. Petri Spinula,8,
,, ,,
14960101,14961231,Paulus Baptista Calvus,1,
14960101,14961231,Nicolaus de Amigdola,2,
14960101,14961231,Antonius q. Iohannis de Auria,3,
14960101,14961231,Iohannes Baptista de Grimaldis,4,
14960101,14961231,Angelus de Maiolo,5,
14960101,14961231,Pelegrus de Mandello,6,
14960101,14961231,Obertus Italianus,7,
14960101,14961231,Alexander Sauli,8,
,, ,,
14970101,14971231,Acelinus Cattaneus,1,
14970101,14971231,Simon de Bracellis,2,
14970101,14971231,Nicolaus de Casana,3,
14970101,14971231,Filippus de Nigro,4,
14970101,14971231,Lodisius de Iussano,5,
14970101,14971231,Iohannes Iustinianus,6,
14970101,14971231,Laurentius Grillus,7,
14970101,14971231,Quilicus Spinula,8,
,, ,,
14980101,14981231,Iohannes Marci de Auria,1,
14980101,14981231,Gaspar de Davania,2,
14980101,14981231,Franciscus de Franchis de Burgaro,3,
14980101,14981231,Lazarus de Grimaldis Ceba,4,
14980101,14981231,Iohannes Petrus de Vivaldis,5,
14980101,?,Dominicus q. Benedicti Lercarius,6,
14980101,?,Bartholomeus Medicus,7,
14980101,14981231,Pelegrus Rebuffus,8,
?,14981231,Manuel de Flischo,"6,1",S
?,14981231,Georgius Iudex,"7,1",S
,, ,,
14990101,14991231,Iacobus Centurionus,1,
14990101,14991231,Bartholomeus de Maiollo,2,
14990101,14991231,Iohannes Antonius de Marinis,3,
14990101,14991231,Raphael Iustinianus,4,
14990101,14991231,Lodisius Pasqua,5,
14990101,14991231,Acelinus Salvaigus,6,
14990101,14991231,Petrus Sauli,7,
14990101,14991231,Franciscus q. Georgii Spinula,8,
,, ,,
15000101,15001231,Stephanus de Auria,1,
15000101,15001231,Pasqual de Furnariis,2,
15000101,15001231,Francus de Goano,3,
15000101,15001231,Hieronimus de Monelia,4,
15000101,?,Ambrosius de Nigro,5,
15000101,15001231,Cosmas de Zerbis,6,
15000101,15001231,Nicolaus q. Dominici Lomelinus,7,
15000101,15001231,Baptista Piccamilium,8,
?,15001231,Ambrosius de Grimaldis Ceba,"5,1",S
,, ,,
15010101,15011231,Christoforus Cattaneus,1,
15010101,15011231,Simon de Amigdola,2,
15010101,15011231,Angelus de Crovaria,3,
15010101,15011231,Iohannes Ambrosius de Flisco,4,
15010101,15011231,Georgius de Grimaldis,5,
15010101,15011231,Stephanus Iustinianus,6,
15010101,15011231,Vincentius Sauli,7,
15010101,15011231,Nicolaus Spinula,8,
,, ,,
15020101,15021231,Augustinus de Auria,1,
15020101,15021231,Antonius de Burgo,2,
15020101,15021231,Nigronus de Nigro,3,
15020101,15021231,Iohannes Ambrosius de Nigrono,4,
15020101,15021231,Petrus de Persio,5,
15020101,15021231,Ambrosius Lomelinus,6,
15020101,15021231,Lazarus Pichenotus,7,
15020101,15021231,Alexander Sauli,8,
,, ,,
15030101,?,Paulus Baptista Calvus,1,
15030101,?,Paulus Baptista de Amigdola,2,
15030101,15031231,Lazarus de Franchis Figonus,3,
15030101,15031231,Ambrosius de Grimaldis Ceba,4,
15030101,15031231,Iacobus de Ianello de Castilioni,5,
15030101,?,Georgius de Zoalio,6,
15030101,15031231,Augustinus q. Petri Pallavicinus,7,
15030101,15031231,Baptista q. Antonii Spinula,8,
?,15031231,Gregorius de Marinis,"1,1",S
?,15031231,Peregrus Rebuffus,"2,1",S
?,15031231,Georgius Iudex,"6,1",S
,, ,,
15040101,15041231,Baptista Bottus,1,
15040101,15041231,Iohannes Iacobus de Auria,2,
15040101,15041231,Ianotus de Sopranis de Riparolio,3,
15040101,15041231,Fredericus Imperialis,4,
15040101,15041231,Dominicus Lercarius,5,
15040101,15041231,Franciscus Lomelinus,6,
15040101,15041231,Iohannes Baptista Pichenotus,7,
15040101,15041231,Raphael Ragius,8,
,, ,,
15050101,15051231,Hieronimus Besta,1,
15050101,15051231,Lucianus Centurionus,2,
15050101,15051231,Franciscus de Camulio,3,
15050101,15051231,Nicolaus de Casana,4,
15050101,15051231,Franciscus de Franchis Burgaro,5,
15050101,15051231,Angelus de Grimaldis,6,
15050101,?,Petrus Gentilis,7,
15050101,15051231,Augustinus Spinula,8,
?,15051231,Ambrosius Salvaigus,"7,1",S
,, ,,
15060101,15061231,Caesar Cattaneus,1,
15060101,15061231,Vesconte de Auria,2,
15060101,15061231,Bernardus de Castiliono,3,
15060101,15061231,Rafael de Furnariis,4,
15060101,15061231,Vincentius notarius de Maiolo,5,
15060101,15061231,Melchion de Nigrono,6,
15060101,15061231,Baptista q. Stefani Lomelinus,7,
15060101,15061231,Iacobus Paxerius,8,
,, ,,
15070101,,Angelus Centurionus,0,
15070101,,Franciscus Gentilis Falamonica,0,
15070101,* 15070419,Baptista Cigalla,1,
15070101,* 15070419,Simon de Amigdola,2,
15070101,* 15070419,Iohannes Baptista de Ilice,3,
15070101,* 15070419,Franciscus de Rocha,4,
15070101,* 15070419,Iohannes Baptista Delphinus de Paxano,5,
15070101,* 15070419,Benedictus Iambonus,6,
15070101,* 15070419,Antonius Ihocia,7,
15070101,* 15070419,Simon Salvaigus,8,
,, ,,
15070507,15071231,Simon de Amigdola,1,
15070507,15071231,Georgius de Grimaldis Oliva,2,
15070507,15071231,Bartholomeus de Nigro,3,
15070507,15071231,Iacobus de Rapallo,4,
15070507,15071231,Franciscus de Rocha,5,
15070507,15071231,Iohannes Baptista Delphinus de Paxano,6,
15070507,15071231,Petrus Gentilis Ricius,7,
15070507,15071231,Iohannes Baptista q. Simonis Spinula,8,
,, ,,
15080101,15081231,Quilicus Cavallus,1,
15080101,15081231,Iohannes Baptista de Auria,2,
15080101,15081231,Antonius de Burgo,3,
15080101,15081231,Iohannes Ambrosius de Flisco,4,
15080101,15081231,Paulus de Rapallo,5,
15080101,?,Ieronimus Sauli,6,
15080101,15081231,Ambrosius Lomelinus,7,
15080101,15081231,Alerame Pallavicinus,8,
?,15081231,Augustinus Fatinanti,"6,1",S
,, ,,
15090101,15091231,Lazarus de Grimaldis Ceba,1,
15090101,15091231,Iohannes Baptista de Ilice,2,
15090101,15091231,Iohannes Baptista de Nigrono,3,
15090101,15091231,Georgius de Zoalio,4,
15090101,15091231,Lucas q. Lansaroti Iustinianus,5,
15090101,15091231,Benedictus q. Iohannis Salvaigus,6,
15090101,15091231,Baptista q. Thome Spinula,7,
15090101,15091231,Stephanus Verrina,8,
,, ,,
15100101,15101231,Augustinus q. Bartholomei de Auria,1,
15100101,15101231,Iohannes Baptista de Davania,2,
15100101,15101231,Antonius de Franchis Figomus,3,
15100101,15101231,Dominicus q. Simonis Lercarius,4,
15100101,15101231,Franciscus q. Antonii Lomelinus,5,
15100101,* 15100306,Paulus q. Ieronimi Pallavicinus,6,
15100101,15101231,Raphael Ragius,7,
15100101,15101231,Iohannes Baptista Sauli,8,
* 15100515,15101231,Nicolaus Gentilis,"6,1",S
,, ,,
15110101,15111231,Nicolaus Caffarotus,1,
15110101,15111231,Lodixius q. Iacobi Cattaneus,2,
15110101,15111231,Paulus de Amigdola,3,
15110101,15111231,Petrus q. Damiani de Grimaldis,4,
15110101,15111231,Iohannes Baptista de Leonardis,5,
15110101,15111231,Nicolaus q. Nicolai Iustinianus,6,
15110101,15111231,Stephanus Salvaigus,7,
15110101,15111231,Martinus q. Andree Spinula,8,
,, ,,
15120101,15121231,Franciscus q. Andree de Auria,1,
15120101,15121231,Pelegrus de Domoculta,2,
15120101,15121231,Iohannes Georgius de Flisco,3,
15120101,15121231,Iohannes Baptista de Franchis,4,
15120101,15121231,Augustinus de Maiolo,5,
15120101,15121231,Iohannes Baptista de Vivaldis,6,
15120101,15121231,Leonel Lercarius,7,
15120101,15121231,Iohannes q. Paschalis Sauli,8,
,, ,,
15130101,* 15130308,Paulus de Amigdola,1,
15130101,15131231,Georgius q. Iacobi de Grimaldis,2,
15130101,15131231,Gabriel Octonus,3,
15130101,15131231,Thomas Iudex,4,
15130101,15131231,Stephanus Iustinianus,5,
15130101,15131231,Augustinus Lomelinus,6,
15130101,15131231,Petrus Gentilis Ricius,7,
15130101,15131231,Baptista q. Benedicti Spinula,8,
*A3852 15130308,15131231,Stephanus Rebuffus,"1,1",S
,, ,,
15140101,15141231,Ieronimus Bottus,1,
15140101,15141231,Ieronimus q. Augustini de Auria,2,
15140101,15141231,Antonius cordoanerius de Burgo,3,
15140101,15141231,Iohannes Baptista de Furnariis,4,
15140101,15141231,Laurentius de Marinis,5,
15140101,15141231,Melchion de Nigrono,6,
15140101,15141231,Petrus Lercarius,7,
15140101,15141231,Antonius cordoanerius Sauli,8,
,, ,,
15150101,15151231,Augustinus notarius de Ferrariis,1,
15150101,15151231,Thomas de Franchis de Burgaro,2,
15150101,15151231,Lazarus q. Dominici de Grimaldis,3,
15150101,15151231,Augustinus Fatinanti,4,
15150101,15151231,Iacobus q. Frederici Imperialis,5,
15150101,15151231,Ieronimus q. Thobie Lomelinus,6,
15150101,15151231,Lazarus q. Dominici Pechenotus,7,
15150101,15151231,Baptista q. Simonis Spinula,8,
,, ,,
15160101,15161231,Augustinus q. Bartholomei de Auria,1,
15160101,15161231,Iohannes Baptista seaterius de Fatio,2,
15160101,15161231,Vincentius q. Bartholomei de Maiolo,3,
15160101,15161231,Iohannes Ambrosius de Nigrono,4,
15160101,15161231,"Iohannes Baptista q, Olliverii de Nigro",5,
15160101,15161231,Franciscus Gentilis Falamonica,6,
15160101,15161231,Stephanus Ragius,7,
15160101,15161231,Sebastianus Sauli,8,
,, ,,
15170101,15171231,Iohannes q. Ieronimi Cattaneus,1,
15170101,15171231,Iacobus q. Georgii de Grimaldis,2,
15170101,15171231,Georgius de Zoalio,3,
15170101,15171231,Ciprianus notarius Folieta,4,
15170101,15171231,Nicolaus q. Nicolai Iustinianus,5,
15170101,15171231,Baptista q. Ieronimi Lomelinus,6,
15170101,15171231,Antonius q. Nicolai Spinula,7,
15170101,15171231,Stephanus Verrina,8,
,, ,,
15180101,15181231,Franciscus q. Andree de Auria,1,
15180101,15181231,Benedictus de Baliano,2,
15180101,15181231,Stephanus de Flisco,3,
15180101,15181231,Iohannes Baptista q. Ieronimi de Franchis,4,
15180101,15181231,Augustinus de Maiolo,5,
15180101,15181231,Iofredus de Marinis,6,
15180101,15181231,Iacobus q. Marci Gentilis,7,
15180101,15181231,Thomas q. Petri Sauli,8,
,, ,,
15190101,15191231,Ambrosius Casella,1,
15190101,15191231,Acelinus Cattaneus,2,
15190101,15191231,Iulianus q. Marci de Grimaldis,3,
15190101,15191231,Thomas de Iussano,4,
15190101,15191231,Iohannes de Passano,5,
15190101,15191231,Paulus de Rapallo,6,
15190101,15191231,Stephanus q. Petri Salvaigus,7,
15190101,15191231,Baptista q. Francisci Spinula,8,
,, ,,
15200101,15201231,Andreas Cicer,1,
15200101,15201231,Ambroxius Clavarius,2,
15200101,15201231,Iohannes Baptista Augustini de Auria,3,
15200101,15201231,Carolus de Baliano,4,
15200101,15201231,Dominicus de Marinis,5,
15200101,15201231,Baptista q. Iacobi de Vivaldis,6,
15200101,15201231,Baptista q. Stephani Lomelinus,7,
15200101,15201231,Iohannes q. Pasqualis Sauli,8,
,, ,,
15210101,15211231,Ieronimus Bottus,1,
15210101,15211231,Baptista q. Marci Centurionus,2,
15210101,15211231,Nicolaus de Mandello,3,
15210101,15211231,Filippus q. Nicolai de Nigro,4,
15210101,?,Iohannes Baptista de Vultabio,5,
15210101,15211231,Dominicus q. Benedicti Lercarius,6,
15210101,15211231,Iohannes Antonius Ragius,7,
15210101,?,Iacobus q. Antonii Spinula,8,
?,15211231,Pantaleone de Casana,"5,1",S
?,15211231,Augustinus q. Nicolai Spinula,"8,1",S
,, ,,
15220101,15221231,Ieronimus q. Augustini de Auria,1,
15220101,15221231,Petrus de Camullio,2,
15220101,15221231,Petrus Iohannes de Ceva,3,
15220101,15221231,Ansaldus de Grimaldis,4,
15220101,15221231,Antonius de Rovereto,5,
15220101,15221231,Ianus Grillus,6,
15220101,15221231,Augustinus q. Baldassaris Lomelinus,7,
15220101,15221231,Sebastianus Sauli,8,
,, ,,
15230101,15231231,Lucas de Turri,1,
15230101,15231231,Georgius de Zoalio,2,
15230101,15231231,Ieronimus q. Francisci Gentilis,3,
15230101,15231231,Baptista q. Philippi Lercarius,4,
15230101,15231231,Antonius Marabottus,5,
15230101,15231231,Stephanus Ragius,6,
15230101,15231231,Bartholomeus Sophia,7,
15230101,15231231,Thomas Spinula,8,
,, ,,
15240101,15241231,Iacobus q. Augustini de Auria,1,
15240101,15241231,Bernardus de Grimaldis,2,
15240101,15241231,Obertus de Lazario,3,
15240101,?,Augustinus de Maiolo,4,
15240101,15241231,Iohannes Duracius,5,
15240101,15241231,Thomas Iustinianus de Furneto,6,
15240101,15241231,Laurentius Lomelinus,7,
15240101,15241231,Baptista Piccamilium,8,
,, ,,
15250101,15251231,Franciscus Adurnus,1,
15250101,15251231,Nicolaus q. Quilici de Nigro,2,
15250101,15251231,Augustinus Fatinanti,3,
15250101,15251231,Ciprianus Folieta,4,
15250101,15251231,Iacobus q. Marci Gentilis,5,
15250101,15251231,Petrus Lercarius,6,
15250101,15251231,Raffael Ragius,7,
15250101,15251231,Augustinus q. Andree Spinula,8,
,, ,,
15260101,15261231,Philippus q. Cristopheri Cattaneus,1,
15260101,15261231,Francischus q. Andree de Auria,2,
15260101,15261231,Simon de Bozolo,3,
15260101,15261231,Augustinus notarius de Ferrariis,4,
15260101,15261231,Iacobus q. Georgii de Grimaldis,5,
15260101,15261231,Thomas de Iussano,6,
15260101,15261231,Ieronimus q. Thobie Lomelinus,7,
15260101,15261231,Bricius Sauli,8,
,, ,,
15270101,15271231,Dominicus Calvus,1,
15270101,15271231,Simon Centurionus,2,
15270101,?,Pantaleo de Casana,3,
15270101,15271231,Philippus de Nigro,4,
15270101,15271231,Thomas de Invrea,5,
15270101,15271231,Iohannes Antonius Ragius,6,
15270101,15271231,Paulus de Rapallo,7,
15270101,15271231,Baptista Spinula,8,
?,15271231,Iohannes Baptista Iustinianus,"3,1",S
,, ,,
15280101,15281231,Ambrosius Casella,1,
15280101,15281231,Iohannes Baptista Andree de Auria,2,
15280101,15281231,Petrus de Camullio,3,
15280101,15281231,Paulus q. Antonii de Grimaldis,4,
15280101,15281231,Vincentius de Maiollo,5,
15280101,15281231,Petrus de Nigrono,6,
15280101,15281231,Baptista q. Ieronimi Lomelinus,7,
15280101,15281231,Petrus Maruffus,8,
,, ,,
15290101,15291231,Simon Centurionus de Mortaria,1,
15290101,15291231,Stephanus Fliscus Ragius,2,
15290101,15291231,Paris Gentilis,3,
15290101,15291231,Nicolaus Grillus de Mandello,4,
15290101,15291231,Vincentius q. Baptiste Pallavicinus,5,
15290101,15291231,Cattaneus q. Benedicti Pinellus,6,
15290101,15291231,Iulianus q. Petri Sauli,7,
15290101,15291231,Simon q. Iohannis Baptiste Spinula,8,
,, ,,
15300101,15301231,Leonardus q. Angeli Cattaneus,1,
15300101,15301231,Thomas q. Iohannis de Auria,2,
15300101,15301231,Nicolaus q. Enrici de Franchis Tonsus,3,
15300101,15301231,Ioannes de Grimaldis Duracius,4,
15300101,15301231,Augustinus q. Luce de Nigro,5,
15300101,15301231,Bartholomeus Imperialis de Baliano,6,
15300101,15301231,Martinus Iustinianus de Moniardino,7,
15300101,15301231,Laurentius q. Philippi Lomelinus,8,
,, ,,
,,,,
