o:id,o:resource_template,o:resource_class,o:owner,o:is_public,dcterms:title,dcterms:creator,dcterms:description,dcterms:date,dcterms:type,dcterms:identifier,dcterms:rights,dcterms:alternative,dcterms:isReplacedBy,dcterms:replaces,dcterms:isPartOf,dcterms:isReferencedBy,dcterms:references,dcterms:rightsHolder,bibo:identifier,bibo:shortDescription,foaf:gender,foaf:membershipClass,cidoc-crm:P7_took_place_at,cidoc-crm:P104_is_subject_to,cidoc-crm:P4_has_time-span,cidoc-crm:P53_has_former_or_current_location,cidoc-crm:P48_has_preferred_identifier,cidoc-crm:P108_has_produced,cidoc-crm:P152_has_parent,cidoc-crm:P107_has_current_or_former_member,cidoc-crm:P143_joined,cidoc-crm:P14_carried_out_by,cidoc-crm:P30_transferred_custody_of,cidoc-crm:P11_had_participant,cidoc-crm:P126_employed,cidoc-crm:P107i_is_current_or_former_member_of,cidoc-crm:P138_represents,cidoc-crm:P51_has_former_or_current_owner,cidoc-crm:P67_refers_to,cidoc-crm:P149_is_identified_by,cidoc-crm:P167_was_at,cidoc-crm:P29_custody_received_by,cidoc-crm:P19_was_intended_use_of,cidoc-crm:P139_has_alternative_form,cidoc-crm:P22_transferred_title_to,cidoc-crm:P131_is_identified_by,cidoc-crm:P8_took_place_on_or_within,cidoc-crm:P27i_was_origin_of,cidoc-crm:P7i_witnessed,cidoc-crm:P2_has_type,cidoc-crm:P50_has_current_keeper,cidoc-crm:P23_transferred_title_from,cidoc-crm:P159_occupied,cidoc-crm:P69_has_association_with,cidoc-crm:P168_place_is_defined_by,cidoc-crm:P3_has_note
40704,"Property (Real Estate)",cidoc-crm:E19_Physical_Object,steven.teasdale@alumni.utoronto.ca,true,"The house of Carlo Lomellini",,,1469-04-18,,d91b5e68-68fc-466d-88c4-71fc89ebe20a,,"domo Caroli Lomellini quondam Sorleone",,26082,,,,,,,,,,,,26315,,,,,,,,,,,,24157,,,,,,,,,,,,House,,,,,,
40442,Person,cidoc-crm:E21_Person,steven.teasdale@alumni.utoronto.ca,true,,,"Nicoletta died before producing any children.",,,,,,,,,,,,,,female,nobiles,,,1558–1569,,"Nicoletta Lomellini",,"24030 | 25560",,40441,,,,,,,,,c1d0802b-cdeb-48ca-8515-7ccda3c67a23,,,,,,"Nicoletta Lomellini q. Bartolomeo q. Stefano",,,,,,,,,,
40441,Person,cidoc-crm:E21_Person,steven.teasdale@alumni.utoronto.ca,true,,,,,,,,,,,,,,,,,male,nobiles,,,,,"Giovanni Battista Cattaneo",,,,40442,,,,,,,,,2c2fa01e-1089-4878-acca-bcd8af83add9,,,,,,"Giovanni Battista Cattaneo q. Francesco",,,,,,,,,,
39488,Asecuratio,bibo:LegalDocument,steven.teasdale@alumni.utoronto.ca,true,"Tommaso Duracino, filza 7, series I, nr. 241",23448,,1463-11-16,"Asecuratio sclave",,,,,,37838,,,"Archivio di stato di Genova",8bf8046d-97db-4216-b4bd-35ac814a26f6,,,,,,,,,,,,,,39172,,,,,,,,,,,,23215,,,,,,,24010,,,,
39474,Asecuratio,bibo:LegalDocument,steven.teasdale@alumni.utoronto.ca,true,"Tommaso Duracino, filza 6, series I, nr. 348",23448,,1461-10-10,"Asecuratio sclave",,,,,,37837,,,"Archivio di stato di Genova",e63654e3-d857-416e-a4b6-c0be5ad70bde,,,,,,,,,,,,,,39099,,,,,,,,,,,,24230,,,,,,,23662,,,,
39469,Asecuratio,bibo:LegalDocument,steven.teasdale@alumni.utoronto.ca,true,"Tommaso Duracino, filza 6, series I, nr. 202",23448,,1461-05-30,"Asecuratio sclave",,,,,,37837,,,"Archivio di stato di Genova",b74f539e-f763-4d5a-9296-198bfc5b82e9,,,,,,,,,,,,,,39031,,,,,,,,,,,,23910,,,,,,,23662,,,,
39432,Asecuratio,bibo:LegalDocument,steven.teasdale@alumni.utoronto.ca,true,"Tommaso Duracino, filza 3, series I, nr. 188",23448,"A certain Battista de Sancto Ulcixio obtains insurance against the risk of death from childbirth from the underwriter Baldassare Lomellini for the enslaved woman named Lucia, whose nationality is not indicated and who is approximately 18 years of age and about seven months pregnant, for coverage of 150 Genoese lire.",1457-06-21,"Asecuratio sclave",,,,,,37834,,,"Archivio di stato di Genova",db525505-053f-4126-a4bb-f02eafefe21c,,,,26035,,,,,,,,,,39071,,,,,,,,,,,,26686,,"Ianue in Bancis sub porticu domus Angeli de Nigro et fratris",,"40584 | 40587",,,24010,,,,
39431,Asecuratio,bibo:LegalDocument,steven.teasdale@alumni.utoronto.ca,true,"Tommaso Duracino, filza 3, series I, nr. 145",23448,"A certain Bernabo Revello obtains insurance against the risk of death from childbirth from the underwriter Baldassare Lomellini for the enslaved woman named Caterina, whose nationality is not indicated, and who is approximately 25 years of age and about seven months pregnant. The value of the coverage is not specified.",1457-05-13,"Asecuratio sclave",,,,,,37834,,,"Archivio di stato di Genova",3ba09e90-3896-498c-a5b8-d1c9d4d4a029,,,,26035,,,,,,,,,,39057,,,,,,,,,,,,38678,,"Ianue in Bancis sub porticu domus Angeli de Nigro et fratris",,"40591 | 40594",,,24010,,,,
38611,Person,cidoc-crm:E21_Person,steven.teasdale@alumni.utoronto.ca,true,,,,,,,,,,,,,,,,,male,nobiles,,,1444–1475,,"Raffaele Cattaneo",,"23228 | 24325",,,,,,,31356,,,,26117ef2-d9ba-4484-a71d-d327fff2bb06,,,,"nobili Raphael Catanei | Raphaelis Catanei etiam civis Ianue quondam Raphael",,"Raffaele Cattaneo q. Raffaele",,,,,,,,,,
36402,Venditio,bibo:LegalDocument,steven.teasdale@alumni.utoronto.ca,true,"Giovanni Danove, filza 2, series I, nr. 415",31238,,1468,"Venditio sclave",,,,,,,,,"Archivio di stato di Genova",a2e5125f-b4aa-458d-921b-9a0823eb6b6d,,,,,,,,,,,,,,35700,,,,,,,,,,,,24157,,,,,,,23209,,,,
36132,Venditio,bibo:LegalDocument,steven.teasdale@alumni.utoronto.ca,true,"Antonio Pastorino, filza 2, nr. 545",25450,,1487,"Venditio sclave",,,,,,,,,"Archivio di stato di Genova",cddd6e23-fc74-4eaa-9f5f-b709de4d6499,,,,,,,,,,,,,,35812,,,,,,,,,,,,27126,,,,,,,24349,,,,
31317,Procura,bibo:LegalDocument,steven.teasdale@alumni.utoronto.ca,true,"Cristoforo de Revellino, register 8, 1395, fols. 101v–103v",25512,"A certain Moisia Cattaneo, the wife of the deceased Fabiano Lomellini, named Quilico Ricci as her procurator. The contract is made with the consent of her brothers Ambrogio and Tommaso Pinelli.",1395,Procura,,,,,,31327,,,"Archivio di stato di Genova",0b56874b-18a9-452d-b210-d58ef70ba4df,,,,,,,,,,,,,,25487,"31316 | 25492",,,,,,,,,,,31318,,,,,,,,,,,
27753,Person,cidoc-crm:E21_Person,steven.teasdale@alumni.utoronto.ca,true,,,,,,,,,,,,,,,,,,,,,–1500,,"Argenta Centurione",,"23261 | 24641",,27754,,,,,,,,,3cc44bf6-7d05-454f-b437-8f13a1a9508c,,,,"Argenta Centurione Scotto",,"Argenta Centurione q. Lodisio",,,,,,,,,,
26458,Asecuratio,bibo:LegalDocument,steven.teasdale@alumni.utoronto.ca,true,"Tommaso Duracino, filza 1, series I, nr. 100",23448,"A certain Franca (Franchetta) Lomellini, the widow of Riccardo Spinola, obtains insurance against the risk of death from childbirth from the underwriter Cattaneo Grimaldi for the enslaved Circassian Margherita, who is about 25 years of age and about 6 months pregnant, for the coverage of 150 Genoese lire.",1453-07-26,"Asecuratio sclave",,,,,,26211,,,"Archivio di stato di Genova",c2747b5c-9215-4085-b7ea-8f3b27ac795b,"The insurance is life insurance for an enslaved woman named Margherita.",,,26035,,,,,,,,,,31309,,,,,,,,,,,,24325,,"in bancis sub porticu domus Angeli de Nigro et fratris videlicet iuxta bancum resedencie mei notarii infrascripti",,"31310 | 31311",,,23662,,,,
26413,Asecuratio,bibo:LegalDocument,steven.teasdale@alumni.utoronto.ca,true,"Tommaso Duracino, filza 1, series I, nr. 65",23448,"A certain Gabriele Cattaneo requests insurance against the risk of death from childbirth from the underwriter Cattaneo Grimaldi, for the enslaved Russian woman named Caterina, who is about 22 years of age and who has been pregnant for about 2 months, for coverage of 150 Genoese lire.",1453-06-08,"Asecuratio sclave",,,,,,26211,,,"Archivio di stato di Genova",ebd68493-71b6-46a1-b209-0e649102f647,,,,26082,,,,,,,,,,26424,,,,,,,,,,,,26423,,"in bancis sub porticu domus Angeli de Nigro et fratris videlicet ad bancum residencie mei notarii infrascripti",,"25464 | 26425",,,23662,,,,
26082,"Property (Real Estate)",cidoc-crm:E19_Physical_Object,steven.teasdale@alumni.utoronto.ca,true,"The house of the brothers Cattaneo and Carlo Lomellini",,,"1453-06-08 | 1453-08-13",,12056627-2da0-45d4-9baf-ff4fe3a05ab2,,"in bancis in quandam volta banci quam convenit Rafaele Salvagus bancherius portam subtus domum Catanei Lomelini et fratris",40704,,,,,,,,,,,,,26315,,,,,,,,,,,,"24202 | 24157",,,,,,,,,,,,House,,,,,,
26069,Venditio,bibo:LegalDocument,steven.teasdale@alumni.utoronto.ca,true,"Tommaso Duracino, filza 1, series I, nr. 109",23448,"A certain Andreolo Doria sells the enslaved Circassian Maria, who is about 25 years old, to a certain Andrea Delfino for 170 lire.",1453-08-13,"Venditio sclave",,,,,,26211,,,"Archivio di stato di Genova",52842c10-545a-4e71-8374-80a283f973d9,,,,26082,,,,,,,,,,26081,26083,,,,,,,,,,,26080,,"in bancis in quandam volta banci quam convenit Rafaele Salvagus bancherius portam subtus domum Catanei Lomelini et fratris",,"26086 | 26088",,,26076,,,,
25771,Person,cidoc-crm:E21_Person,steven.teasdale@alumni.utoronto.ca,true,,,,,,,,,,,,,,,,,female,nobiles,,,–,,"Pometta Spinola","24604 | 24830",25638,,24719,,,,,,,,,43c16887-63e0-42d2-ad06-ba7c79a140af,,,,,,"Pometta Spinola q. Cattaneo",,,,,,,,,,
25765,Person,cidoc-crm:E21_Person,steven.teasdale@alumni.utoronto.ca,true,,,,,,,,,,,,,,,,,male,nobiles,,,–,,"Paolo Spinola",,25634,,24063,,,,,,,,,b26734bc-81fe-4ab8-8ea5-548fa509cac5,,,,,,"Paolo Spinola q. Cattaneo",,,,,,,,,,
25760,Person,cidoc-crm:E21_Person,steven.teasdale@alumni.utoronto.ca,true,,,,,,,,,,,,,,,,,male,nobiles,,,–1413,,"Ottobone Spinola","25666 | 25661",25635,,25063,,,,,,,,,fafb7ad6-c04b-437f-99d0-5f2e08963fbd,,,,"Ottobono Spinola",,"Ottobone Spinola q. Cattaneo",,,,,,,,,,
25698,Person,cidoc-crm:E21_Person,steven.teasdale@alumni.utoronto.ca,true,,,,,,,,,,,,,,,,,male,nobiles,,,–,,"Giovanni Francesco Spinola",,25636,,25130,,,,,,,,,b6544bac-5e05-4cc7-a3fb-03ec43b3b707,,,,,,"Giovanni Francesco Spinola q. Cattaneo",,,,,,,,,,
25637,Person,cidoc-crm:E21_Person,steven.teasdale@alumni.utoronto.ca,true,,,,,,,,,,,,,,,,,male,nobiles,,,–1558,,"Cattaneo Spinola",,25699,,24064,,,,,,,,,9f023c66-bad5-4fb9-8487-78ababc5d07b,,,,,,"Cattaneo Spinola q. Giovanni Francesco",,,,,,,,,,
25492,Person,cidoc-crm:E21_Person,steven.teasdale@alumni.utoronto.ca,true,,,,,,,,,,,,,,,,,male,nobiles,,,–1408,,"Tommaso Pinelli",,25473,,24669,,,,,,,,,2f7c563c-3470-4ec7-8a9e-7a11cdb0bb31,,,,,,,,,,,,,,,,
25487,Person,cidoc-crm:E21_Person,steven.teasdale@alumni.utoronto.ca,true,,,,,,,,,,,,,,,,,female,nobiles,,,1366–1393,,"Moisia Pinelli","24300 | 24203",25473,,24299,,,,,,,,,62d98c61-b3eb-42d8-b88b-fa15505da08a,,,,,,"Moisia Pinelli q. Cattaneo",,,,,,,,,,
25470,Person,cidoc-crm:E21_Person,steven.teasdale@alumni.utoronto.ca,true,,,,,,,,,,,,,,,,,male,nobiles,,,1473–1498,,"Benedetto Pinelli",,25472,,24797,,,,,,,,,518c3e43-d212-433a-b726-9ac84850ab44,,,,,,"Benedetto Pinelli q. Cattaneo",,,,,,,,,,
25390,Person,cidoc-crm:E21_Person,steven.teasdale@alumni.utoronto.ca,true,,,,,,,,,,,,,,,,,female,nobiles,,,–1443,,"Maria Negrone",24230,25377,,"23232 | 24024",,,,,,,,,5de5c11d-ecfe-4aa7-97f8-568f23da0319,,,,,,"Maria Negrone q. Agostino",,,,,,,,,,
25370,Person,cidoc-crm:E21_Person,steven.teasdale@alumni.utoronto.ca,true,,,,,,,,,,,,,,,,,female,nobiles,,,–1498,,"Maria di Negro","24199 | 23890 | 24204 | 24346 | 24584",25374,,24494,,,,,,,,,8b96c638-79de-44a6-b0c6-cd3576b25630,,,,,,"Maria di Negro q. Oliverio di",,,,,,,,,,
25330,Person,cidoc-crm:E21_Person,steven.teasdale@alumni.utoronto.ca,true,,,,,,,,,,,,,,,,,female,nobiles,,,1421–1457,,"Susanna de Marini","24440 | 24157 | 24202",25294,,25102,,,,,,,,,7e015b39-5bcd-4693-bf4c-c3d9ea2ccb32,,,,,,"Susanna de Marini q. Cattaneo de",,,,,,,,,,
25203,Person,cidoc-crm:E21_Person,steven.teasdale@alumni.utoronto.ca,true,,,,,,,,,,,,,,,,,male,"nobiles | illegitimate",,,–1568,,"Vincenzo Lomellini","24894 | 24224",24556,,23203,,,,,,,,,bcfcf535-d30c-4d37-9fab-75e8cdb242c0,,,,,,"Vincenzo Lomellini q. Girolamo q. Niccolò",,,,,,,,,,
25197,Person,cidoc-crm:E21_Person,steven.teasdale@alumni.utoronto.ca,true,,,"The sources indicate that Vassallo died without any children.",,,,,,,,,,,,,,male,nobiles,,,1450–1476,,"Vassallo Lomellini",,"24409 | 23218",,,,,,,,,,,fda5e30f-5cc2-4be1-8186-b16378885319,,,,,,"Vassallo Lomellini q. Giacomo q. Raffaele ",,,,,,,,,,"See Battilana, Lomellini, plate 7."
25149,Person,cidoc-crm:E21_Person,steven.teasdale@alumni.utoronto.ca,true,,,"The sources indicate that Teramo died without producing any children.",,,,,,,,,,,,,,male,nobiles,,,1421–1460,,"Teramo Lomellini",,"24837 | 23211",,,,,,,,,,,73e6b294-1ca4-4687-9748-73790e29ffb0,,,,,,"Teramo Lomellini q. Martino q. Franco",,,,,,,,,,
25123,Person,cidoc-crm:E21_Person,steven.teasdale@alumni.utoronto.ca,true,,,,,,,,,,,,,,,,,male,nobiles,,,1444–1446,,"Taddeo Lomellini",,"24916 | 23190",,,,,,,,,,,fa32b289-5b52-4bce-be5d-547c3dea7404,,,,,,"Taddeo Lomellini q. Oberto q. Battista",,,,,,,,,,
25104,Person,cidoc-crm:E21_Person,steven.teasdale@alumni.utoronto.ca,true,,,,,,,,,,,,,,,,,male,nobiles,,,1479–1504,,"Sorleone Lomellini","24940 | 24109","24202 | 24146",,23439,,,,,,,,,72d841ed-5d5b-4b39-adff-6b221e8a6475,,,,,,"Sorleone Lomellini q. Cattaneo q. Sorleone",,,,,,,,,,
25102,Person,cidoc-crm:E21_Person,steven.teasdale@alumni.utoronto.ca,true,,,,,,,,,,,,,,,,,male,nobiles,,,–,,"Sorleone Lomellini","24157 | 24202 | 24440","24166 | 23821",,25330,,,,,,,,,7b909895-ccc0-44b3-b3f8-16155d7feabb,,,,,,"Sorleone Lomellini q. Carlo q. Napoleone",,,,,,,,,,
25064,Person,cidoc-crm:E21_Person,steven.teasdale@alumni.utoronto.ca,true,,,,,,,,,,,,,,,,,female,nobiles,,,1350–1383,,"Selvagia Lomellini",,"24674 | 25670",,"23204 | 23316",,,,,,,,,a4b58e22-93e0-418d-8c2f-ee571d4bf23a,,,,,,"Selvagia Lomellini q. Lodisio q. Riccardo",,,,,,,,,,
25047,Person,cidoc-crm:E21_Person,steven.teasdale@alumni.utoronto.ca,true,,,,,,,,,,,,,,,,,male,nobiles,,,–1516,,"Raffaele Lomellini",,"24534 | 23206",,,,,,,,,,,13df1438-10dc-417e-91c6-0574783e7b9e,,,,,,"Raffaele Lomellini q. Giovanni q. Benedetto",,,,,,,,,,
25001,Person,cidoc-crm:E21_Person,steven.teasdale@alumni.utoronto.ca,true,,,,,,,,,,,,,,,,,male,nobiles,,,–1460,,"Percivale Lomellini",24148,"24837 | 23211",,,,,,,,,,,8d496046-8aa1-4512-9039-b0edbac3c414,,,,,,"Percivale Lomellini q. Martino q. Franco",,,,,,,,,,
24984,Person,cidoc-crm:E21_Person,steven.teasdale@alumni.utoronto.ca,true,,,,,,,,,,,,,,,,,female,nobiles,,,–1444,,"Pellegra Lomellini",,"24916 | 23190",,,,,,,,,,,e4c2d251-d265-4628-8dea-94feaa838368,,,,,,"Pellegra Lomellini q. Oberto q. Battista",,,,,,,,,,
24983,Person,cidoc-crm:E21_Person,steven.teasdale@alumni.utoronto.ca,true,,,,,,,,,,,,,,,,,female,nobiles,,,–1472,,"Pellegra Lomellini",,"24202 | 24146",,25383,,,,,,,,,cd59bec4-5e26-447b-88f8-724cd5fd400f,,,,,,"Pellegra Lomellini q. Cattaneo q. Sorleone",,,,,,,,,,
24982,Person,cidoc-crm:E21_Person,steven.teasdale@alumni.utoronto.ca,true,,,,,,,,,,,,,,,,,female,nobiles,,,–1525,,"Pellegra Lomellini",,"24878 | 23242",,23198,,,,,,,,,668e325d-7519-4e9d-a552-a2c40aadddc4,,,,,,"Pellegra Lomellini q. Niccolò q. Filippo",,,,,,,,,,
24976,Person,cidoc-crm:E21_Person,steven.teasdale@alumni.utoronto.ca,true,,,,,,,,,,,,,,,,,female,nobiles,,,1495–1532,,"Pellegra Lomellini",24699,"24651 | 23220",,"24698 | 25618",,,,,,,,,36efda92-18c3-45b3-9a3b-68e9f87b2d16,,,,,,"Pellegra Lomellini q. Lazzaro q. Egidio",,,,,,,,,,
24952,Person,cidoc-crm:E21_Person,steven.teasdale@alumni.utoronto.ca,true,,,,,,,,,,,,,,,,,male,nobiles,,,1446–1491,,"Ottobone Lomellini","24068 | 24372","24371 | 23191",,25800,,,,,,,,,169f172e-fb7c-40d4-aa7e-77751f6dd0d4,,,,"Ottobono Lomellini",,"Ottobono Lomellini q. Franco q. Franco",,,,,,,,,,
24940,Person,cidoc-crm:E21_Person,steven.teasdale@alumni.utoronto.ca,true,,,,,,,,,,,,,,,,,female,nobiles,,,1498–1506,,"Orietta Lomellini",,"25104 | 23439",,23349,,,,,,,,,76b9d3a7-d9d4-40f1-be5d-11a58e85c318,,,,,,"Orietta Lomellini q. Sorleone q. Cattaneo",,,,,,,,,,
24936,Person,cidoc-crm:E21_Person,steven.teasdale@alumni.utoronto.ca,true,,,,,,,,,,,,,,,,,female,nobiles,,,–1495,,"Orietta Lomellini",,"24651 | 23220",,,,,,,,,,,f5e41897-1821-4e08-8fbb-7d4798f6d8ba,,,,,,"Orietta Lomellini q. Lazzaro q. Egidio",,,,,,,,,,
24916,Person,cidoc-crm:E21_Person,steven.teasdale@alumni.utoronto.ca,true,,,,,,,,,,,,,,,,,male,nobiles,,,1412–1452,,"Oberto Lomellini","24154 | 25123 | 24701 | 23990 | 24641 | 24554 | 24984 | 24192 | 24038 | 24017 | 24216","24074 | 23407",,23190,,,,,,,,,b7348bab-5c1e-40cf-b5a1-39f8ef5dbebe,,,,,,"Oberto Lomellini q. Battista q. Napoleone",,,,,,,,,,
24894,Person,cidoc-crm:E21_Person,steven.teasdale@alumni.utoronto.ca,true,,,,,,,,,,,,,,,,,male,nobiles,,,1568–1592,,"Niccolò Lomellini",24592,"25203 | 23203",,23634,,,,,,,,,ec350a11-882e-4ffe-8058-af0067fad526,,,,,,"Niccolò Lomellini q. Vincenzo q. Girolamo",,,,,,,,,,
24864,Person,cidoc-crm:E21_Person,steven.teasdale@alumni.utoronto.ca,true,,,,,,,,,,,,,,,,,male,nobiles,,,1444–1509,,"Napoletano Lomellini","24294 | 24201 | 25208","25204 | 23610",,"23660 | 23285",,,,,,,,,3709e0bf-b2f6-4ed1-8716-fbd3f4ac0d2c,,,,,,"Napoletano Lomellini q. Vincenzo q. Giorgio",,,,,,,,,,
24853,Person,cidoc-crm:E21_Person,steven.teasdale@alumni.utoronto.ca,true,,,,,,,,,,,,,,,,,female,nobiles,,,–1312,,"Moisia Lomellini",,24428,,23219,,,,,,,,,1bf71f6e-2276-446c-ac0a-9497ca5675ab,,,,,,"Moisia Lomellini q. Giacomo q. Simone",,,,,,,,,,
24852,Person,cidoc-crm:E21_Person,steven.teasdale@alumni.utoronto.ca,true,,,,,,,,,,,,,,,,,female,nobiles,,,1557–1572,,"Minetta Lomellini",,"24267 | 23271",,23196,,,,,,,,,5dd95f6d-7d22-4000-885f-541e8afccf1e,,,,,,"Minetta Lomellini q. Domenico",,,,,,,,,,
24846,Person,cidoc-crm:E21_Person,steven.teasdale@alumni.utoronto.ca,true,,,,,,,,,,,,,,,,,male,nobiles,,,–,,"Melchiorre Lomellini",,24200,,,,,,,,,,,567ad44c-64a9-4a1b-9b15-4489e058a51a,,,,"Melchior Lomellini",,"Melchiorre Lomellini q. Cattaneo q. Angelo",,,,,,,,,,
24842,Person,cidoc-crm:E21_Person,steven.teasdale@alumni.utoronto.ca,true,,,,,,,,,,,,,,,,,male,nobiles,,,–1498,,"Matteo Lomellini","24810 | 24288","24202 | 24146",,23623,,,,,,,,,b3419592-1402-42ed-a08c-a6365707cac7,,,,,,"Matteo Lomellini q. Cattaneo q. Sorleone",,,,,,,,,,
24837,Person,cidoc-crm:E21_Person,steven.teasdale@alumni.utoronto.ca,true,,,,,,,,,,,,,,,,,male,nobiles,,,1410–1421,,"Martino Lomellini","25001 | 24301 | 24350 | 25149",24370,,23211,,,,,,,,,68c3b92d-0c6d-4142-b07f-f1da51204c7b,,,,,,"Martino Lomellini q. Franco q. Napoleone",,,,,,,,,,
24835,Person,cidoc-crm:E21_Person,steven.teasdale@alumni.utoronto.ca,true,,,,,,,,,,,,,,,,,male,nobiles,,,–1516,,"Martino Lomellini",24565,"24534 | 23206",,25536,,,,,,,,,203b7eb3-503c-40ce-9a31-fdf7bd1d1319,,,,,,"Martino Lomellini q. Giovanni q. Benedetto",,,,,,,,,,
24820,Person,cidoc-crm:E21_Person,steven.teasdale@alumni.utoronto.ca,true,,,,,,,,,,,,,,,,,female,nobiles,,,1479–1490,,"Maria Lomellini",,"24420 | 23616",,23195,,,,,,,,,6c07944a-c835-4f6e-9fe5-4fb7315c6284,,,,,,"Maria Lomellini q. Giacomo q. Tobia",,,,,,,,,,
24816,Person,cidoc-crm:E21_Person,steven.teasdale@alumni.utoronto.ca,true,,,,,,,,,,,,,,,,,female,nobiles,,,1485–1495,,"Maria Lomellini",,"24132 | 23541",,23188,,,,,,,,,cc2359b7-6cb5-490e-842c-ffc0e318f45e,,,,,,"Maria Lomellini q. Bonifacio q. Antoniotto",,,,,,,,,,
24810,Person,cidoc-crm:E21_Person,steven.teasdale@alumni.utoronto.ca,true,,,,,,,,,,,,,,,,,female,nobiles,,,1532–1539,,"Maria Lomellini",,"24842 | 23623",,24492,,,,,,,,,084450bb-8f90-4a3e-9c0f-fce8fe02dd5e,,,,,,"Maria Lomellini q. Matteo q. Cattaneo",,,,,,,,,,
24780,Person,cidoc-crm:E21_Person,steven.teasdale@alumni.utoronto.ca,true,,,,,,,,,,,,,,,,,female,nobiles,,,1420–1487,,"Maria Lomellini",25644,"23918 | 23216",,25696,,,,,,,,,39b2b41e-0803-4985-83f2-089d7df03b50,,,,,,"Maria Lomellini q. Andalò q. Antoniotto",,,,,,,,,,
24724,Person,cidoc-crm:E21_Person,steven.teasdale@alumni.utoronto.ca,true,,,,,,,,,,,,,,,,,female,nobiles,,,1518–1562,,"Luigia Lomellini",,"24220 | 24774",,24201,,,,,,,,,4c6b89ab-e546-4606-bb42-783ad9aaef1e,,,,,,"Luigia Lomellini q. Cipriano",,,,,,,,,,
24701,Person,cidoc-crm:E21_Person,steven.teasdale@alumni.utoronto.ca,true,,,,,,,,,,,,,,,,,male,nobiles,,,–1451,,"Luchino Lomellini",,"24916 | 23190",,,,,,,,,,,ac1a2f88-002b-44a0-b48b-6454b7a9487d,,,,"Lucchino Lomellini",,"Luchino Lomellini q. Oberto  q. Battista",,,,,,,,,,
24651,Person,cidoc-crm:E21_Person,steven.teasdale@alumni.utoronto.ca,true,,,,,,,,,,,,,,,,,male,nobiles,,,1473–1495,,"Lazzaro Lomellini","24976 | 24510 | 24033 | 24936 | 24179","24274 | 25639",,23220,,,,,,,,,67aec133-e8f8-4838-a2a2-a4e17d709a8c,,,,,,"Lazzaro Lomellini q. Egidio q. Gregorio",,,,,,,,,,
24641,Person,cidoc-crm:E21_Person,steven.teasdale@alumni.utoronto.ca,true,,,,,,,,,,,,,,,,,female,nobiles,,,1450–1499,,"Isabella Lomellini",27753,"24916 | 23190",,23261,,,,,,,,,9df10f42-18c5-4b7c-8495-19af347d39a6,,,,,,"Isabella Lomellini q. Oberto q. Battista",,,,,,,,,,
24593,Person,cidoc-crm:E21_Person,steven.teasdale@alumni.utoronto.ca,true,,,,,,,,,,,,,,,,,female,nobiles,,,–1598,,"Giulia Lomellini",,"24561 | 23433",,23199,,,,,,,,,90c089d1-791a-46be-acd5-41bc8d1301b3,,,,,,"Giulia Lomellini q. Girolamo q. Agostino",,,,,,,,,,
24586,Person,cidoc-crm:E21_Person,steven.teasdale@alumni.utoronto.ca,true,,,,,,,,,,,,,,,,,female,nobiles,,,1495–1510,,"Gironima Lomellini",,"24892 | 23377",,"25628 | 23214",,,,,,,,,4364d55b-99d6-4b5b-a9d7-f1dd97f4cd4c,,,,,,"Gironima Lomellini q. Niccolò q. Domenico",,,,,,,,,,
24584,Person,cidoc-crm:E21_Person,steven.teasdale@alumni.utoronto.ca,true,,,,,,,,,,,,,,,,,female,nobiles,,,1498–1528,,"Gironima Lomellini",,"24494 | 25370",,23389,,,,,,,,,aae5bd59-ed04-46c4-8aec-44c85b6d820e,,,,,,"Gironima Lomellini q. Giovanni Battista q. Cattaneo",,,,,,,,,,
24554,Person,cidoc-crm:E21_Person,steven.teasdale@alumni.utoronto.ca,true,,,,,,,,,,,,,,,,,male,nobiles,,,1438–1450,,"Girolamo Lomellini","25121 | 24077 | 24731","24916 | 23190",,23440,,,,,,,,,b4bd7499-b467-4f8a-8ce0-4d2654aabff0,,,,,,"Girolamo Lomellini q. Oberto q. Battista",,,,,,,,,,
24535,Person,cidoc-crm:E21_Person,steven.teasdale@alumni.utoronto.ca,true,,,,,,,,,,,,,,,,,male,nobiles,,,1452–1453,,"Giovanni Lomellini",,"23982 | 23213",,,,,,,,,,,fea1cd86-a646-41a4-a69d-01b1ba1c4f8f,,,,,,"Giovanni Lomellini q. Antoniotto q. Valerano",,,,,,,,,,
24534,Person,cidoc-crm:E21_Person,steven.teasdale@alumni.utoronto.ca,true,,,,,,,,,,,,,,,,,male,nobiles,,,1432–1470,,"Giovanni Lomellini","24835 | 25047","24102 | 24050",,23206,,,,,,,,,413d03f2-0dfb-49a7-b641-4839151643e5,,,,,,"Giovanni Lomellini q. Benedetto q. Raffaele",,,,,,,,,,
24532,Person,cidoc-crm:E21_Person,steven.teasdale@alumni.utoronto.ca,true,,,,,,,,,,,,,,,,,male,"nobiles | illegitimate",,,–1461,,"Giovanni Lomellini",,"23918 | 23216",,,,,,,,,,,2434b5dc-d4f7-4276-9baa-62910d0dba5c,,,,,,"Giovanni Lomellini q. Andalò q. Antoniotto",,,,,,,,,,
24513,Person,cidoc-crm:E21_Person,steven.teasdale@alumni.utoronto.ca,true,,,,,,,,,,,,,,,,,male,nobiles,,,–,,"Giovanni Francesco Lomellini",,"24205 | 23070",,23514,,,,,,,,,5ec1d30c-f4ab-4057-87fe-1ed61d64a651,,,,,,"Giovanni Francesco Lomellini q. Cattaneo",,,,,,,,,,
24510,Person,cidoc-crm:E21_Person,steven.teasdale@alumni.utoronto.ca,true,,,"Giovanni Francesco died before producing any children.",,,,,,,,,,,,,,male,nobiles,,,–1495,,"Giovanni Francesco Lomellini",,"24651 | 23220",,,,,,,,,,,24f43815-ecf1-48a6-a1fc-36ff1543d743,,,,,,"Giovanni Francesco Lomellini q. Lazzaro q. Egidio",,,,,,,,,,"See Battilana, Lomellini, plate 12."
24501,Person,cidoc-crm:E21_Person,steven.teasdale@alumni.utoronto.ca,true,,,,,,,,,,,,,,,,,male,nobiles,,,–,,"Giovanni Battista Lomellini",,"24205 | 23070",,25448,,,,,,,,,9ad626d2-f9eb-48e5-a6ea-8d4ce6b34f4a,,,,,,"Giovanni Battista Lomellini q. Cattaneo",,,,,,,,,,
24500,Person,cidoc-crm:E21_Person,steven.teasdale@alumni.utoronto.ca,true,,,,,,,,,,,,,,,,,male,nobiles,,,1549–1602,,"Giovanni Battista Lomellini",24205,"23890 | 25847",,,,,,,,,,,9ff73279-1ce5-473f-8bea-9cfb4fc238dc,,,,,,"Giovanni Battista Lomellini q. Agostino q. Giovanni Battista",,,,,,,,,,
24494,Person,cidoc-crm:E21_Person,steven.teasdale@alumni.utoronto.ca,true,,,,,,,,,,,,,,,,,male,nobiles,,,1498–1527,,"Giovanni Battista Lomellini","24204 | 24584 | 23890 | 24199 | 24346","24202 | 24146",,25370,,,,,,,,,e695fd9f-7a32-43c7-8717-731ebe4124dc,,,,,,"Giovanni Battista Lomellini q. Cattaneo q. Sorleone",,,,,,,,,,
24439,Person,cidoc-crm:E21_Person,steven.teasdale@alumni.utoronto.ca,true,,,,,,,,,,,,,,,,,female,nobiles,,,–1592,,"Ginevra Lomellini",,"24167 | 24080",,23222,,,,,,,,,1cf1a645-d07e-4758-840d-69cab6296c6a,,,,,,"Ginevra Lomellini q. Carlo q. Bernardo",,,,,,,,,,
24435,Person,cidoc-crm:E21_Person,steven.teasdale@alumni.utoronto.ca,true,,,,,,,,,,,,,,,,,male,nobiles,,,1438–1475,,"Giannotto Lomellini","23925 | 24821","25160 | 23350",,"23221 | 23995",,,,,,,,,3b0f103c-0a17-47a6-aa99-a023c510c1b3,,,,,,"Giannotto Lomellini q. Tobia q. Raffaele",,,,,,,,,,
24409,Person,cidoc-crm:E21_Person,steven.teasdale@alumni.utoronto.ca,true,,,,,,,,,,,,,,,,,male,nobiles,,,1392–1434,,"Giacomo Lomellini","25197 | 23965 | 25003 | 24245 | 24806 | 24633 | 24975","25052 | 23804",,"23704 | 23218",,,,,,,,,35590e24-6450-4bcd-ab10-e38d62277bec,,,,,,"Giacomo Lomellini q. Raffaele q. Vincenzo",,,,,,,,,,
24371,Person,cidoc-crm:E21_Person,steven.teasdale@alumni.utoronto.ca,true,,,,,,,,,,,,,,,,,male,nobiles,,,1418–1452,,"Franco Lomellini","25035 | 24926 | 24952 | 25146 | 24104",24370,,"25817 | 23191",,,,,,,,,ebe78b8e-2bf0-493a-9a54-ff23e708c52b,,,,,,"Franco Lomellini q. Franco q. Napoleone",,,,,,,,,,
24360,Person,cidoc-crm:E21_Person,steven.teasdale@alumni.utoronto.ca,true,,,,,,,,,,,,,,,,,female,nobiles,,,1498–1514,,"Francisca Lomellini",,"24167 | 25544",,23202,,,,,,,,,ff3df7b5-82b1-4e0d-ac2f-06778f99e622,,,,,,"Francisca Lomellini q. Carlo",,,,,,,,,,
24350,Person,cidoc-crm:E21_Person,steven.teasdale@alumni.utoronto.ca,true,,,,,,,,,,,,,,,,,male,nobiles,,,1467–1471,,"Francesco Lomellini","25054 | 24427","24837 | 23211",,,,,,,,,,,fb4b3ae3-d554-4b13-a9b5-5eedcaa0cdd7,,,,,,"Francesco Lomellini q. Martino q. Franco",,,,,,,,,,
24349,Person,cidoc-crm:E21_Person,steven.teasdale@alumni.utoronto.ca,true,,,,,,,,,,,,,,,,,male,nobiles,,,1452–1489,,"Francesco Lomellini",24679,"23982 | 23213",,"23362 | 23735",,,,,,,,,889bc9bf-233e-42bc-8468-8d06f6386be8,,,,"Franceschetto Lomellini",,"Francesco Lomellini q. Antoniotto q. Valerano",,,,,,,,,,
24346,Person,cidoc-crm:E21_Person,steven.teasdale@alumni.utoronto.ca,true,,,,,,,,,,,,,,,,,male,nobiles,,,1516–1524,,"Francesco Lomellini",,"24494 | 25370",,,,,,,,,,,76fe1066-905f-4695-9d01-d0a34d351313,,,,,,"Francesco Lomellini q. Giovanni Battista q. Cattaneo",,,,,,,,,,
24325,Person,cidoc-crm:E21_Person,steven.teasdale@alumni.utoronto.ca,true,,,,,,,,,,,,,,,,,female,nobiles,,,1423–1453,,"Franca Lomellini",38611,"24752 | 23003",,"23228 | 25772",,,,,,,,,e761730f-60cf-4059-883b-b45b1553551d,,,,,,"Franca Lomellini q. Marchisio q. Franco",,,,,,,,,,
24301,Person,cidoc-crm:E21_Person,steven.teasdale@alumni.utoronto.ca,true,,,,,,,,,,,,,,,,,male,nobiles,,,–1460,,"Fabiano Lomellini",,"24837 | 23211",,,,,,,,,,,60910b26-0dd3-4b2d-bc89-ebfc2fe7fbf4,,,,,,"Fabiano Lomellini q. Martino q. Franco",,,,,,,,,,
24299,Person,cidoc-crm:E21_Person,steven.teasdale@alumni.utoronto.ca,true,,,,,,,,,,,,,,,,,male,nobiles,,,–1388,,"Fabiano Lomellini","24300 | 24203","24857 | 24261",,25487,,,,,,,,,7be78681-dba3-4771-9c7c-48207d7168d0,,,,,,"Fabiano Lomellini q. Morvello q. Daniele",,,,,,,,,,
24288,Person,cidoc-crm:E21_Person,steven.teasdale@alumni.utoronto.ca,true,,,,,,,,,,,,,,,,,female,nobiles,,,1534–1539,,"Elisabetta Lomellini",,"24842 | 23623",,25522,,,,,,,,,4db58465-d4d2-4d93-9525-8d2b481998dc,,,,,,"Elisabetta Lomellini q. Matteo q. Cattaneo",,,,,,,,,,
24224,Person,cidoc-crm:E21_Person,steven.teasdale@alumni.utoronto.ca,true,,,,,,,,,,,,,,,,,female,nobiles,,,–,,"Claudia Lomellini",,"25203 | 23203",,,,,,,,,,,79995c6e-7208-4921-95de-a5a176b8a61c,,,,,,"Claudia Lomellini q. Vincenzo q. Girolamo",,,,,,,,,,
24216,Person,cidoc-crm:E21_Person,steven.teasdale@alumni.utoronto.ca,true,,,,,,,,,,,,,,,,,female,"nobiles | illegitimate",,,–1450,,"Chiara Lomellini",,"24916 | 23190",,23864,,,,,,,,,eaf77e7a-8b9e-4efa-a37d-26828f391e30,,,,,,"Chiara Lomellini q. Oberto q. Battista",,,,,,,,,,
24205,Person,cidoc-crm:E21_Person,steven.teasdale@alumni.utoronto.ca,true,,,,,,,,,,,,,,,,,male,nobiles,,,1602–1639,,"Cattaneo Lomellini","24513 | 24494 | 23891",24500,,23070,,,,,,,,,383f1a9d-bcc6-4568-bcfb-cd6f2285e9f6,,,,,,"Cattaneo Lomellini q. Giovanni Battista q. Agostino",,,,,,,,,,
24204,Person,cidoc-crm:E21_Person,steven.teasdale@alumni.utoronto.ca,true,,,,,,,,,,,,,,,,,male,nobiles,,,1524–1528,,"Cattaneo Lomellini",,"24494 | 25370",,23257,,,,,,,,,5dbd7872-ba51-4163-b820-e5132a99c9e2,,,,,,"Cattaneo Lomellini q. Giovanni Battista q. Cattaneo",,,,,,,,,,
24203,Person,cidoc-crm:E21_Person,steven.teasdale@alumni.utoronto.ca,true,,,,,,,,,,,,,,,,,male,nobiles,,,–1415,,"Cattaneo Lomellini",,"24299 | 25487",,,,,,,,,,,b0ad2f54-66cc-4c08-a9db-a68dcd8a263d,,,,,,"Cattaneo Lomellini q. Fabiano q. Morvello",,,,,,,,,,
24202,Person,cidoc-crm:E21_Person,steven.teasdale@alumni.utoronto.ca,true,,,,,,,,,,,,,,,,,male,nobiles,,,1437–1444,,"Cattaneo Lomellini","24494 | 24983 | 25104 | 24842","25102 | 25330",,24146,,,,,,,,,aa6a3e5b-e96f-4a73-b9f0-f9863b197b79,,,,,,"Cattaneo Lomellini q. Sorleone q. Carlo",,,,,,,,,,
24201,Person,cidoc-crm:E21_Person,steven.teasdale@alumni.utoronto.ca,true,,,"The sources indicate that Cattaneo died without any children.",,,,,,,,,,,,,,male,nobiles,,,–1467,,"Cattaneo Lomellini",24139,"24864 | 23660",,24724,,,,,,,,,e51506cf-2b62-4a9d-abc8-42521527ec9f,,,,,,"Cattaneo Lomellini q. Napoletano q. Vincenzo",,,,,,,,,,"See Battilana, Lomellini, plate 6."
24200,Person,cidoc-crm:E21_Person,steven.teasdale@alumni.utoronto.ca,true,,,,,,,,,,,,,,,,,male,nobiles,,,1330–1354,,"Cattaneo Lomellini",24846,"23945 | 23021",,,,,,,,,,,c6c8e667-7222-480c-a58f-05af30828978,,,,,,"Cattaneo Lomellini q. Angelo q. Pietrino",,,,,,,,,,
24199,Person,cidoc-crm:E21_Person,steven.teasdale@alumni.utoronto.ca,true,,,,,,,,,,,,,,,,,female,nobiles,,,1527–1528,,"Catetta Lomellini","24745 | 24947","24494 | 25370",,24424,,,,,,,,,24fc42e2-d7f1-42fa-a30b-a4fd311f1416,,,,,,"Catetta Lomellini q. Giovanni Battista q. Cattaneo",,,,,,,,,,
24192,Person,cidoc-crm:E21_Person,steven.teasdale@alumni.utoronto.ca,true,,,,,,,,,,,,,,,,,female,nobiles,,,–1444,,"Caterina Lomellini",,"24916 | 23190",,23270,,,,,,,,,00f58443-7d4d-42a4-8028-087af08771d7,,,,,,"Caterina Lomellini q. Oberto",,,,,,,,,,
24179,Person,cidoc-crm:E21_Person,steven.teasdale@alumni.utoronto.ca,true,,,,,,,,,,,,,,,,,female,nobiles,,,–1495,,"Caterina Lomellini",,"24651 | 23220",,,,,,,,,,,4ada80d2-afca-437e-9b9d-c1b246be5f92,,,,,,"Caterina Lomellini q. Lazzaro q. Egidio",,,,,,,,,,
24154,Person,cidoc-crm:E21_Person,steven.teasdale@alumni.utoronto.ca,true,,,,,,,,,,,,,,,,,female,nobiles,,,1440–1444,,"Campiona Lomellini",,"24916 | 23190",,,,,,,,,,,f24c41f8-7566-4eda-8942-53b65c267540,,,,,,"Campiona Lomellini q. Oberto q. Battista",,,,,,,,,,
24146,Person,cidoc-crm:E21_Person,steven.teasdale@alumni.utoronto.ca,true,,,,,,,,,,,,,,,,,female,nobiles,,,1412–1498,,"Brigida Lomellini","25104 | 24842 | 24983 | 24494","24074 | 23407",,24202,,,,,,,,,c4251f93-0623-4673-b490-7542ee91340f,,,,,,"Brigida Lomellini q. Battista q. Napoleone",,,,,,,,,,
24143,Person,cidoc-crm:E21_Person,steven.teasdale@alumni.utoronto.ca,true,,,,,,,,,,,,,,,,,female,nobiles,,,1540–1544,,"Brigida Lomellini",,"24252 | 23596",,23542,,,,,,,,,7125ce06-5197-4027-ae69-e4a90f043b49,,,,,,"Brigida Lomellini q. Damiano q. Gherardo",,,,,,,,,,
24139,Person,cidoc-crm:E21_Person,steven.teasdale@alumni.utoronto.ca,true,,,"The sources indicate that Brigida was an illegitimate child.",,,,,,,,,,,,,,female,nobiles,,,–1525,,"Brigida Lomellini",,24201,,,,,,,,,,,1ed28e25-d452-4658-9f37-5573d04380ce,,,,,,"Brigida Lomellini q. Cattaneo q. Napoletano",,,,,,,,,,"See Battilana, Lomellini, plate 6."
24109,Person,cidoc-crm:E21_Person,steven.teasdale@alumni.utoronto.ca,true,,,,,,,,,,,,,,,,,male,nobiles,,,–1564,,"Bernardo Lomellini",23950,"25104 | 23439",,,,,,,,,,,c280aef4-491b-43f2-8dfe-ac0fbfffd6ae,,,,,,"Bernardo Lomellini q. Sorleone q. Cattaneo",,,,,,,,,,
24103,Person,cidoc-crm:E21_Person,steven.teasdale@alumni.utoronto.ca,true,,,,,,,,,,,,,,,,,male,nobiles,,,–1488,,"Benedetto Lomellini",,"24420 | 23616",,23192,,,,,,,,,29fd3dd1-36a8-435a-bf10-e5dad69e5b68,,,,,,"Benedetto Lomellini q. Giacomo q. Tobia",,,,,,,,,,
24066,Person,cidoc-crm:E21_Person,steven.teasdale@alumni.utoronto.ca,true,,,,,,,,,,,,,,,,,female,nobiles,,,–1443,,"Battina Lomellini",25072,"23982 | 23213",,23910,,,,,,,,,48d56d19-d1c7-480c-a99c-22021d8b4dbc,,,,,,"Battina Lomellini q. Antoniotto q. Valerano",,,,,,,,,,
24064,Person,cidoc-crm:E21_Person,steven.teasdale@alumni.utoronto.ca,true,,,,,,,,,,,,,,,,,female,nobiles,,,1550–1558,,"Battina Lomellini",24425,"24561 | 23433",,"25637 | 24898",,,,,,,,,902243cf-9780-4d04-8fcc-40478e569ebd,,,,,,"Battina Lomellini q. Girolamo q. Agostino",,,,,,,,,,
24038,Person,cidoc-crm:E21_Person,steven.teasdale@alumni.utoronto.ca,true,,,,,,,,,,,,,,,,,male,"nobiles | illegitimate",,,–1450,,"Bartolomeo Lomellini",,"24916 | 23190",,,,,,,,,,,ea495822-3916-478e-8cbc-8bec50c21713,,,,,,"Bartolomeo Lomellini q. Oberto",,,,,,,,,,
24033,Person,cidoc-crm:E21_Person,steven.teasdale@alumni.utoronto.ca,true,,,,,,,,,,,,,,,,,male,nobiles,,,–1495,,"Bartolomeo Lomellini",,"24651 | 23220",,,,,,,,,,,02372753-c52f-466a-a660-457175fd4407,,,,,,"Bartolomeo Lomellini q. Lazzaro q. Egidio",,,,,,,,,,
24017,Person,cidoc-crm:E21_Person,steven.teasdale@alumni.utoronto.ca,true,,,,,,,,,,,,,,,,,male,"nobiles | illegitimate",,,–1450,,"Barnaba Lomellini",,"24916 | 23190",,,,,,,,,,,ede8b238-39da-4e29-beb2-9b4d6525f479,,,,,,"Barnaba Lomellini q. Oberto q. Battista",,,,,,,,,,
23995,Person,cidoc-crm:E21_Person,steven.teasdale@alumni.utoronto.ca,true,,,,,,,,,,,,,,,,,female,nobiles,,,1451–1489,,"Argenta Lomellini",23925,"23982 | 23213",,24435,,,,,,,,,83152b76-fd9a-4727-a23a-75040836dba7,,,,"Antonia Lomellini q. Antonio q. Valerano",,"Argenta Lomellini q. Antoniotto q. Valerano",,,,,,,,,,
23990,Person,cidoc-crm:E21_Person,steven.teasdale@alumni.utoronto.ca,true,,,,,,,,,,,,,,,,,female,nobiles,,,–1439,,"Argenta Lomellini",25652,"24916 | 23190",,25656,,,,,,,,,c40d6993-af78-4db2-9cef-5fabb0fb1bb0,,,,,,"Argenta Lomellini q. Oberto q. Battista",,,,,,,,,,
23989,Person,cidoc-crm:E21_Person,steven.teasdale@alumni.utoronto.ca,true,,,,,,,,,,,,,,,,,female,nobiles,,,–1396,,"Argenta Lomellini",,"24889 | 23849",,23189,,,,,,,,,628cbee7-f487-41c8-83a9-b4993f5bf78e,,,,,,"Argenta Lomellini q. Niccolò q. Napoleone",,,,,,,,,,
23982,Person,cidoc-crm:E21_Person,steven.teasdale@alumni.utoronto.ca,true,,,,,,,,,,,,,,,,,male,nobiles,,,1414–1438,,"Antoniotto Lomellini","24535 | 24066 | 24349 | 23938 | 23995","25195 | 23987",,23213,,,,,,,,,93edd262-93c2-4d53-a5c4-d018fb2c97bc,,,,"Antonio Lomellini",,"Antoniotto Lomellini q. Valerano q. Cosmo",,,,,,,,,,
23965,Person,cidoc-crm:E21_Person,steven.teasdale@alumni.utoronto.ca,true,,,,,,,,,,,,,,,,,male,nobiles,,,1455–1468,,"Antonio Lomellini",,"24409 | 23218",,,,,,,,,,,645bd30b-ef91-4ee6-a34e-2cc6828fabb8,,,,,,"Antonio Lomellini q. Giacomo q. Raffaele",,,,,,,,,,
23945,Person,cidoc-crm:E21_Person,steven.teasdale@alumni.utoronto.ca,true,,,,,,,,,,,,,,,,,male,nobiles,,,1313–1333,,"Angelo Lomellini","24770 | 24168 | 24606 | 25057 | 24200 | 24617 | 24693 | 24919 | 24847 | 24751 | 24305 | 24277 | 23873 | 25125","25022 | 23049",,23021,,,,,,,,,039500c1-943a-4095-b467-38d29bc27196,,,,,,"Angelo Lomellini q. Pietrino q. Simone",,,,,,,,,,
23938,Person,cidoc-crm:E21_Person,steven.teasdale@alumni.utoronto.ca,true,,,"The sources indicate that Angela died in infancy.",,,,,,,,,,,,,,female,nobiles,,,–,,"Angela Lomellini",,"23982 | 23213",,,,,,,,,,,c82d6560-73f1-4527-b9dd-895321376c3d,,,,,,"Angela Lomellini q. Antoniotto q. Valerano",,,,,,,,,,"See Battilana, Lomellini, plate 4."
23932,Person,cidoc-crm:E21_Person,steven.teasdale@alumni.utoronto.ca,true,,,"The sources indicate that Andreola had changed her name to Orietta at some future date, after her marriage to Luchino Cattaneo.",,,,,,,,,,,,,,female,nobiles,,,1330–1347,,"Andreola Lomellini",,"24101 | 23017",,23217,,,,,,,,,b3dcd007-badb-4dec-abe3-039ef462f0cf,,,,"Andreola poi Orietta Lomellini",,"Andreola Lomellini q. Benedetto q. Oberto",,,,,,,,,,"See Battilana, Lomellini, plate 8."
23918,Person,cidoc-crm:E21_Person,steven.teasdale@alumni.utoronto.ca,true,,,,,,,,,,,,,,,,,male,nobiles,,,1412–1464,,"Andalò Lomellini","24780 | 24532","23981 | 24787",,23216,,,,,,,,,a2bd8405-d129-46a4-8f98-896d3c6a0323,,,,,,"Andalò Lomellini q. Antoniotto q. Ambrogio",,,,,,,,,,
23891,Person,cidoc-crm:E21_Person,steven.teasdale@alumni.utoronto.ca,true,,,,,,,,,,,,,,,,,male,nobiles,,,–1643,,"Agostino Lomellini",,"24205 | 23070",,"23013 | 23074",,,,,,,,,a8ae7faa-7784-447d-a104-2d463af3ab90,,,,,,"Agostino Lomellini q. Cattaneo",,,,,,,,,,
23890,Person,cidoc-crm:E21_Person,steven.teasdale@alumni.utoronto.ca,true,,,,,,,,,,,,,,,,,male,nobiles,,,1528–1577,,"Agostino Lomellini","24500 | 24195 | 24015 | 24826","24494 | 25370",,25847,,,,,,,,,3e5f9e0d-849a-4687-8431-37e24a383491,,,,,,"Agostino Lomellini q. Giovanni Battista q. Cattaneo",,,,,,,,,,
23660,Person,cidoc-crm:E21_Person,steven.teasdale@alumni.utoronto.ca,true,,,,,,,,,,,,,,,,,female,nobiles,,,1451–1468,,"Brigida Grimaldi",24201,23662,,24864,,,,,,,,,f47e78b1-fccd-41cb-9ef0-4307a5cefbae,,,,,,"Brigida Grimaldi q. Cattaneo",,,,,,,,,,
23542,Person,cidoc-crm:E21_Person,steven.teasdale@alumni.utoronto.ca,true,,,,,,,,,,,,,,,,,male,nobiles,,,–,,"Cattaneo Gentile",,23581,,24143,,,,,,,,,b761ad94-b4ed-4d89-a30c-e7310571cb5d,,,,"Cattaneo Gentile Falamonica",,"Cattaneo Gentile q. Pietro",,,,,,,,,,
23257,Person,cidoc-crm:E21_Person,steven.teasdale@alumni.utoronto.ca,true,,,,,,,,,,,,,,,,,female,nobiles,,,–,,"Gironima Centurione",,23259,,24204,,,,,,,,,90105f45-fa20-4f9d-adfd-027fda15f456,,,,"Gironima Centurione Cantelli",,"Gironima Centurione q. Giuliano",,,,,,,,,,
23228,Person,cidoc-crm:E21_Person,steven.teasdale@alumni.utoronto.ca,true,,,,,,,,,,,,,,,,,male,nobiles,,,–,,"Raffaele Cattaneo",,23227,,24325,,,,,,,,,9ca23542-7f45-47a9-af71-835d3864af34,,,,"Raffaele Cattaneo de Volta",,"Raffaele Cattaneo q. Quirico",,,,,,,,,,
23222,Person,cidoc-crm:E21_Person,steven.teasdale@alumni.utoronto.ca,true,,,,,,,,,,,,,,,,,male,nobiles,,,–,,"Niccolò Cattaneo",,,,24439,,,,,,,,,190fa4c8-7888-407a-9e15-babcb2cfc7e3,,,,,,,,,,,,,,,,
23221,Person,cidoc-crm:E21_Person,steven.teasdale@alumni.utoronto.ca,true,,,,,,,,,,,,,,,,,female,nobiles,,,–,,"Maria Cattaneo",,23186,,24435,,,,,,,,,e003adcc-f5af-4239-8855-4b0d39bd2b62,,,,,,"Maria Cattaneo q. Argone",,,,,,,,,,
23220,Person,cidoc-crm:E21_Person,steven.teasdale@alumni.utoronto.ca,true,,,,,,,,,,,,,,,,,female,nobiles,,,–,,"Maria Cattaneo","24033 | 24510 | 24976 | 24179 | 24936",23209,,24651,,,,,,,,,861ed6af-8c57-4d74-af3a-676cbfeeb5b5,,,,,,"Maria Cattaneo q. Lazzaro",,,,,,,,,,
23219,Person,cidoc-crm:E21_Person,steven.teasdale@alumni.utoronto.ca,true,,,,,,,,,,,,,,,,,male,nobiles,,,–,,"Marcoaldo Cattaneo",,23226,,24853,,,,,,,,,0509e0e8-ed99-4c2c-9212-a380b975b470,,,,"Marcoaldo Cattaneo Mallone",,"Marcoaldo Cattaneo Mallone q. Pignolo",,,,,,,,,,
23218,Person,cidoc-crm:E21_Person,steven.teasdale@alumni.utoronto.ca,true,,,,,,,,,,,,,,,,,female,nobiles,,,–,,"Maddalena Cattaneo","23965 | 25197",,,24409,,,,,,,,,b20761a6-e68c-4a3a-9a26-d2c9a29e3fd8,,,,,,,,,,,,,,,,
23217,Person,cidoc-crm:E21_Person,steven.teasdale@alumni.utoronto.ca,true,,,,,,,,,,,,,,,,,male,nobiles,,,–,,"Luchino Cattaneo",,25586,,23932,,,,,,,,,ca71aaee-1527-4436-acca-238efb86d8da,,,,"Lucchino Cattaneo",,"Luchino Cattaneo q. Alberto",,,,,,,,,,
23216,Person,cidoc-crm:E21_Person,steven.teasdale@alumni.utoronto.ca,true,,,,,,,,,,,,,,,,,female,nobiles,,,–1464,,"Lucchina Cattaneo","24532 | 24780",23210,,23918,,,,,,,,,ebdf255a-0e41-4b3a-acce-2b7f95e30ce0,,,,,,"Lucchina Cattaneo q. Leonardo",,,,,,,,,,
23214,Person,cidoc-crm:E21_Person,steven.teasdale@alumni.utoronto.ca,true,,,,,,,,,,,,,,,,,male,nobiles,,,–1510,,"Lorenzo Cattaneo",,23194,,24586,,,,,,,,,6e372af5-057c-4b05-8207-28c0071fb9fe,,,,,,"Lorenzo Cattaneo q. Cristoforo",,,,,,,,,,
23213,Person,cidoc-crm:E21_Person,steven.teasdale@alumni.utoronto.ca,true,,,,,,,,,,,,,,,,,female,nobiles,,,1427–1451,,"Lombarda Cattaneo","24066 | 23995 | 24349 | 23938 | 24535",23207,,23982,,,,,,,,,49c4575f-e408-4f41-8c83-a240c7ba8089,,,,,,"Lombarda Cattaneo q. Isnardo",,,,,,,,,,
23211,Person,cidoc-crm:E21_Person,steven.teasdale@alumni.utoronto.ca,true,,,,,,,,,,,,,,,,,female,nobiles,,,–,,"Linò Cattaneo","24301 | 25149 | 25001 | 24350",23230,,24837,,,,,,,,,4e717e8d-ec0b-4a0b-bfb2-60b292af4ce4,,,,,,"Linò Cattaneo q. Teramo",,,,,,,,,,
23206,Person,cidoc-crm:E21_Person,steven.teasdale@alumni.utoronto.ca,true,,,,,,,,,,,,,,,,,female,nobiles,,,–,,"Gironima Cattaneo","25047 | 24835",23215,,24534,,,,,,,,,c70cf9f9-a298-49b3-804b-a4e96939b64c,,,,"Gironima Cattaneo Mallone",,"Gironima Cattaneo q. Luca",,,,,,,,,,
23204,Person,cidoc-crm:E21_Person,steven.teasdale@alumni.utoronto.ca,true,,,,,,,,,,,,,,,,,male,nobiles,,,–,,"Giovanni Cattaneo",,23185,,25064,,,,,,,,,28379a71-a06c-4fe9-a544-9d3ef8da6079,,,,,,"Giovanni Cattaneo q. Antoniotto",,,,,,,,,,
23203,Person,cidoc-crm:E21_Person,steven.teasdale@alumni.utoronto.ca,true,,,,,,,,,,,,,,,,,female,nobiles,,,–1568,,"Ginevra Cattaneo","24224 | 24894",23205,,25203,,,,,,,,,4d159acf-21f7-445c-9fe9-f4a408eb6d7d,,,,,,"Ginevra Cattaneo q. Girolamo",,,,,,,,,,
23202,Person,cidoc-crm:E21_Person,steven.teasdale@alumni.utoronto.ca,true,,,,,,,,,,,,,,,,,male,nobiles,,,1464–1514,,"Giacomo Cattaneo",,23212,,24360,,,,,,,,,9182c3eb-fb0b-4aca-9438-cecaa77cf931,,,,"Giacomo Cattaneo Mallone",,"Giacomo Cattaneo Mallone q. Lodisio",,,,,,,,,,
23199,Person,cidoc-crm:E21_Person,steven.teasdale@alumni.utoronto.ca,true,,,,,,,,,,,,,,,,,male,nobiles,,,–,,"Filippo Cattaneo",,23208,,24593,,,,,,,,,f451e2f6-c6bd-49f7-9bd9-7ebada821860,,,,,,"Filippo Cattaneo q. Isnardo",,,,,,,,,,
23198,Person,cidoc-crm:E21_Person,steven.teasdale@alumni.utoronto.ca,true,,,,,,,,,,,,,,,,,male,nobiles,,,–,,"Filippo Cattaneo",,23195,,24982,,,,,,,,,a62b58b6-ba88-4103-bed6-1977013f16f6,,,,,,"Filippo Cattaneo q. Cristoforo",,,,,,,,,,
23196,Person,cidoc-crm:E21_Person,steven.teasdale@alumni.utoronto.ca,true,,,,,,,,,,,,,,,,,male,nobiles,,,–,,"Cristoforo Cattaneo",,23223,,24852,,,,,,,,,9b8676d4-8c19-4f5c-8595-fbb84d3fddd8,,,,"Cristoforo Cattaneo de Volta",,"Cristoforo Cattaneo q. Pier Francesco",,,,,,,,,,
23195,Person,cidoc-crm:E21_Person,steven.teasdale@alumni.utoronto.ca,true,,,,,,,,,,,,,,,,,male,nobiles,,,1460–1489,,"Cristoforo Cattaneo",23198,23200,,24820,,,,,31356,,,,564cfc6e-4b22-4b79-9aca-4d22049b877d,,,,"Cristoforo Cattaneo de Volta | Christofori Cattanei civis Ianue quondam Philipi | Christoforus Cataneus civis Ianue quondam Philipi",,"Cristoforo Cattaneo de Volta q. Filippo",,,,,,,,,,
23192,Person,cidoc-crm:E21_Person,steven.teasdale@alumni.utoronto.ca,true,,,,,,,,,,,,,,,,,female,nobiles,,,–,,"Brigida Cattaneo",,23209,,24103,,,,,,,,,e7c306d2-acbd-41c3-823e-60057831e6f6,,,,,,"Brigida Cattaneo q. Lazzaro",,,,,,,,,,
23191,Person,cidoc-crm:E21_Person,steven.teasdale@alumni.utoronto.ca,true,,,,,,,,,,,,,,,,,female,nobiles,,,1461–1472,,"Battina Cattaneo",24952,23224,,24371,,,,,,,,,186548c5-c0c6-4643-a0eb-a0fbe982d4fd,,,,"Baptistina filia quondam Petri Cattenei et uxor quondam Franchi Lomellini",,"Battina Cattaneo q. Pietro",,,,,,,,,,"In Cart. P. L. de 1461"
23190,Person,cidoc-crm:E21_Person,steven.teasdale@alumni.utoronto.ca,true,,,,,,,,,,,,,,,,,female,nobiles,,,1423–1460,,"Battina Cattaneo","24192 | 24641 | 24701 | 24554 | 23990 | 24984 | 24038 | 24216 | 24017 | 24154 | 25123",23229,,24916,,,,,,,,,37e47d1a-72be-42be-bd0f-ca2373011fbb,,,,,,"Battina Cattaneo q. Taddeo",,,,,,,,,,
23189,Person,cidoc-crm:E21_Person,steven.teasdale@alumni.utoronto.ca,true,,,,,,,,,,,,,,,,,male,nobiles,,,–,,"Barnaba Cattaneo",,23225,,23989,,,,,,,,,947346da-62ba-481f-863c-b10a217f63a8,,,,"Barnaba Cattaneo de Volta",,"Barnaba Cattaneo de Volta q. Pietro",,,,,,,,,,
23188,Person,cidoc-crm:E21_Person,steven.teasdale@alumni.utoronto.ca,true,,,,,,,,,,,,,,,,,male,nobiles,,,–,,"Baldassare Cattaneo",,23197,,24816,,,,,,,,,a5a160a8-32a5-4bc7-a32e-42910cd6f3b9,,,,"Baldassare Cattaneo de Volta",,"Baldassare Cattaneo q. Domenico",,,,,,,,,,
23145,Person,cidoc-crm:E21_Person,steven.teasdale@alumni.utoronto.ca,true,,,,,,,,,,,,,,,,,male,nobiles,,,–,,"Filippo Camilla",,23141,,24989,,,,,,,,,914e364b-7f64-48e1-8368-4dacbc0e8c1c,,,,"Filippo de Camilla",,"Filippo Camilla q. Cattaneo",,,,,,,,,,
23070,Person,cidoc-crm:E21_Person,steven.teasdale@alumni.utoronto.ca,true,,,,,,,,,,,,,,,,,female,,,,–1639,,"Gironima Banchero","24513 | 24501 | 23891",23069,,24205,,,,,,,,,29a91ac5-2592-4711-b342-d23823c0ecbf,,,,,,"Gironima Banchero q. Domenico",,,,,,,,,,
23021,Person,cidoc-crm:E21_Person,steven.teasdale@alumni.utoronto.ca,true,,,,,,,,,,,,,,,,,female,,,,–1343,,"Isabella —","24751 | 25057 | 24305 | 24847 | 24770 | 25125 | 23873 | 24200 | 24693 | 24277 | 24168 | 24606 | 24919 | 24617",,,23945,,,,,,,,,14c007a3-fd30-40cc-b1dd-174dd9d7aef8,,,,,,,,,,,,,,,,
