o:id,o:resource_template,o:resource_class,o:owner,o:is_public
45661,Occupation,cidoc-crm:E2_Temporal_Entity,steven.teasdale@alumni.utoronto.ca,true
45590,Occupation,cidoc-crm:E2_Temporal_Entity,steven.teasdale@alumni.utoronto.ca,true
45505,Occupation,cidoc-crm:E2_Temporal_Entity,steven.teasdale@alumni.utoronto.ca,true
45449,Occupation,cidoc-crm:E2_Temporal_Entity,steven.teasdale@alumni.utoronto.ca,true
45082,Occupation,cidoc-crm:E2_Temporal_Entity,steven.teasdale@alumni.utoronto.ca,true
44950,Occupation,cidoc-crm:E2_Temporal_Entity,steven.teasdale@alumni.utoronto.ca,true
44861,Occupation,cidoc-crm:E2_Temporal_Entity,steven.teasdale@alumni.utoronto.ca,true
44106,Occupation,cidoc-crm:E2_Temporal_Entity,steven.teasdale@alumni.utoronto.ca,true
43874,Occupation,cidoc-crm:E2_Temporal_Entity,steven.teasdale@alumni.utoronto.ca,true
43518,Occupation,cidoc-crm:E2_Temporal_Entity,steven.teasdale@alumni.utoronto.ca,true
43487,Occupation,cidoc-crm:E2_Temporal_Entity,steven.teasdale@alumni.utoronto.ca,true
43475,Occupation,cidoc-crm:E2_Temporal_Entity,steven.teasdale@alumni.utoronto.ca,true
43424,Occupation,cidoc-crm:E2_Temporal_Entity,steven.teasdale@alumni.utoronto.ca,true
43359,Occupation,cidoc-crm:E2_Temporal_Entity,steven.teasdale@alumni.utoronto.ca,true
43152,Occupation,cidoc-crm:E2_Temporal_Entity,steven.teasdale@alumni.utoronto.ca,true
42746,Occupation,cidoc-crm:E2_Temporal_Entity,steven.teasdale@alumni.utoronto.ca,true
42685,Occupation,cidoc-crm:E2_Temporal_Entity,steven.teasdale@alumni.utoronto.ca,true
42112,Occupation,cidoc-crm:E2_Temporal_Entity,steven.teasdale@alumni.utoronto.ca,true
41940,Occupation,cidoc-crm:E2_Temporal_Entity,steven.teasdale@alumni.utoronto.ca,true
41917,Occupation,cidoc-crm:E2_Temporal_Entity,steven.teasdale@alumni.utoronto.ca,true
41666,Occupation,cidoc-crm:E2_Temporal_Entity,steven.teasdale@alumni.utoronto.ca,true
41533,Occupation,cidoc-crm:E2_Temporal_Entity,steven.teasdale@alumni.utoronto.ca,true
41002,Occupation,cidoc-crm:E2_Temporal_Entity,steven.teasdale@alumni.utoronto.ca,true
40951,Occupation,cidoc-crm:E2_Temporal_Entity,steven.teasdale@alumni.utoronto.ca,true
40907,Occupation,cidoc-crm:E2_Temporal_Entity,steven.teasdale@alumni.utoronto.ca,true
40851,Occupation,cidoc-crm:E2_Temporal_Entity,steven.teasdale@alumni.utoronto.ca,true
40486,Occupation,cidoc-crm:E2_Temporal_Entity,steven.teasdale@alumni.utoronto.ca,true
40434,Occupation,cidoc-crm:E2_Temporal_Entity,steven.teasdale@alumni.utoronto.ca,true
40433,Occupation,cidoc-crm:E2_Temporal_Entity,steven.teasdale@alumni.utoronto.ca,true
39679,Occupation,cidoc-crm:E2_Temporal_Entity,steven.teasdale@alumni.utoronto.ca,true
39678,Occupation,cidoc-crm:E2_Temporal_Entity,steven.teasdale@alumni.utoronto.ca,true
39677,Occupation,cidoc-crm:E2_Temporal_Entity,steven.teasdale@alumni.utoronto.ca,true
39668,Occupation,cidoc-crm:E2_Temporal_Entity,steven.teasdale@alumni.utoronto.ca,true
38618,Occupation,cidoc-crm:E2_Temporal_Entity,steven.teasdale@alumni.utoronto.ca,true
37308,Occupation,cidoc-crm:E2_Temporal_Entity,steven.teasdale@alumni.utoronto.ca,true
37112,Occupation,cidoc-crm:E2_Temporal_Entity,steven.teasdale@alumni.utoronto.ca,true
37110,Occupation,cidoc-crm:E2_Temporal_Entity,steven.teasdale@alumni.utoronto.ca,true
31486,Occupation,cidoc-crm:E2_Temporal_Entity,steven.teasdale@alumni.utoronto.ca,true
31308,Occupation,cidoc-crm:E2_Temporal_Entity,steven.teasdale@alumni.utoronto.ca,true
31280,Occupation,cidoc-crm:E2_Temporal_Entity,steven.teasdale@alumni.utoronto.ca,true
31186,Occupation,cidoc-crm:E2_Temporal_Entity,steven.teasdale@alumni.utoronto.ca,true
31170,Occupation,cidoc-crm:E2_Temporal_Entity,steven.teasdale@alumni.utoronto.ca,true
31169,Occupation,cidoc-crm:E2_Temporal_Entity,steven.teasdale@alumni.utoronto.ca,true
31165,Occupation,cidoc-crm:E2_Temporal_Entity,steven.teasdale@alumni.utoronto.ca,true
31163,Occupation,cidoc-crm:E2_Temporal_Entity,steven.teasdale@alumni.utoronto.ca,true
31149,Occupation,cidoc-crm:E2_Temporal_Entity,steven.teasdale@alumni.utoronto.ca,true
31148,Occupation,cidoc-crm:E2_Temporal_Entity,steven.teasdale@alumni.utoronto.ca,true
31104,Occupation,cidoc-crm:E2_Temporal_Entity,steven.teasdale@alumni.utoronto.ca,true
31103,Occupation,cidoc-crm:E2_Temporal_Entity,steven.teasdale@alumni.utoronto.ca,true
31099,Occupation,cidoc-crm:E2_Temporal_Entity,steven.teasdale@alumni.utoronto.ca,true
31092,Occupation,cidoc-crm:E2_Temporal_Entity,steven.teasdale@alumni.utoronto.ca,true
31090,Occupation,cidoc-crm:E2_Temporal_Entity,steven.teasdale@alumni.utoronto.ca,true
31067,Occupation,cidoc-crm:E2_Temporal_Entity,steven.teasdale@alumni.utoronto.ca,true
31049,Occupation,cidoc-crm:E2_Temporal_Entity,steven.teasdale@alumni.utoronto.ca,true
31045,Occupation,cidoc-crm:E2_Temporal_Entity,steven.teasdale@alumni.utoronto.ca,true
31044,Occupation,cidoc-crm:E2_Temporal_Entity,steven.teasdale@alumni.utoronto.ca,true
31039,Occupation,cidoc-crm:E2_Temporal_Entity,steven.teasdale@alumni.utoronto.ca,true
31009,Occupation,cidoc-crm:E2_Temporal_Entity,steven.teasdale@alumni.utoronto.ca,true
30993,Occupation,cidoc-crm:E2_Temporal_Entity,steven.teasdale@alumni.utoronto.ca,true
30987,Occupation,cidoc-crm:E2_Temporal_Entity,steven.teasdale@alumni.utoronto.ca,true
30975,Occupation,cidoc-crm:E2_Temporal_Entity,steven.teasdale@alumni.utoronto.ca,true
27786,Occupation,cidoc-crm:E2_Temporal_Entity,steven.teasdale@alumni.utoronto.ca,true
27778,Occupation,cidoc-crm:E2_Temporal_Entity,steven.teasdale@alumni.utoronto.ca,true
27755,Occupation,cidoc-crm:E2_Temporal_Entity,steven.teasdale@alumni.utoronto.ca,true
27745,Occupation,cidoc-crm:E2_Temporal_Entity,steven.teasdale@alumni.utoronto.ca,true
27743,Occupation,cidoc-crm:E2_Temporal_Entity,steven.teasdale@alumni.utoronto.ca,true
27730,Occupation,cidoc-crm:E2_Temporal_Entity,steven.teasdale@alumni.utoronto.ca,true
27704,Occupation,cidoc-crm:E2_Temporal_Entity,steven.teasdale@alumni.utoronto.ca,true
27694,Occupation,cidoc-crm:E2_Temporal_Entity,steven.teasdale@alumni.utoronto.ca,true
27678,Occupation,cidoc-crm:E2_Temporal_Entity,steven.teasdale@alumni.utoronto.ca,true
27672,Occupation,cidoc-crm:E2_Temporal_Entity,steven.teasdale@alumni.utoronto.ca,true
27666,Occupation,cidoc-crm:E2_Temporal_Entity,steven.teasdale@alumni.utoronto.ca,true
27632,Occupation,cidoc-crm:E2_Temporal_Entity,steven.teasdale@alumni.utoronto.ca,true
27625,Occupation,cidoc-crm:E2_Temporal_Entity,steven.teasdale@alumni.utoronto.ca,true
27622,Occupation,cidoc-crm:E2_Temporal_Entity,steven.teasdale@alumni.utoronto.ca,true
27596,Occupation,cidoc-crm:E2_Temporal_Entity,steven.teasdale@alumni.utoronto.ca,true
27589,Occupation,cidoc-crm:E2_Temporal_Entity,steven.teasdale@alumni.utoronto.ca,true
27582,Occupation,cidoc-crm:E2_Temporal_Entity,steven.teasdale@alumni.utoronto.ca,true
27576,Occupation,cidoc-crm:E2_Temporal_Entity,steven.teasdale@alumni.utoronto.ca,true
27575,Occupation,cidoc-crm:E2_Temporal_Entity,steven.teasdale@alumni.utoronto.ca,true
27574,Occupation,cidoc-crm:E2_Temporal_Entity,steven.teasdale@alumni.utoronto.ca,true
27565,Occupation,cidoc-crm:E2_Temporal_Entity,steven.teasdale@alumni.utoronto.ca,true
27564,Occupation,cidoc-crm:E2_Temporal_Entity,steven.teasdale@alumni.utoronto.ca,true
27560,Occupation,cidoc-crm:E2_Temporal_Entity,steven.teasdale@alumni.utoronto.ca,true
27554,Occupation,cidoc-crm:E2_Temporal_Entity,steven.teasdale@alumni.utoronto.ca,true
27549,Occupation,cidoc-crm:E2_Temporal_Entity,steven.teasdale@alumni.utoronto.ca,true
27537,Occupation,cidoc-crm:E2_Temporal_Entity,steven.teasdale@alumni.utoronto.ca,true
27536,Occupation,cidoc-crm:E2_Temporal_Entity,steven.teasdale@alumni.utoronto.ca,true
27532,Occupation,cidoc-crm:E2_Temporal_Entity,steven.teasdale@alumni.utoronto.ca,true
27531,Occupation,cidoc-crm:E2_Temporal_Entity,steven.teasdale@alumni.utoronto.ca,true
27529,Occupation,cidoc-crm:E2_Temporal_Entity,steven.teasdale@alumni.utoronto.ca,true
27526,Occupation,cidoc-crm:E2_Temporal_Entity,steven.teasdale@alumni.utoronto.ca,true
27521,Occupation,cidoc-crm:E2_Temporal_Entity,steven.teasdale@alumni.utoronto.ca,true
27520,Occupation,cidoc-crm:E2_Temporal_Entity,steven.teasdale@alumni.utoronto.ca,true
27519,Occupation,cidoc-crm:E2_Temporal_Entity,steven.teasdale@alumni.utoronto.ca,true
27518,Occupation,cidoc-crm:E2_Temporal_Entity,steven.teasdale@alumni.utoronto.ca,true
26437,Occupation,cidoc-crm:E2_Temporal_Entity,steven.teasdale@alumni.utoronto.ca,true
26345,Occupation,cidoc-crm:E2_Temporal_Entity,steven.teasdale@alumni.utoronto.ca,true
26338,Occupation,cidoc-crm:E2_Temporal_Entity,steven.teasdale@alumni.utoronto.ca,true
26333,Occupation,cidoc-crm:E2_Temporal_Entity,steven.teasdale@alumni.utoronto.ca,true
26330,Occupation,cidoc-crm:E2_Temporal_Entity,steven.teasdale@alumni.utoronto.ca,true
26267,Occupation,cidoc-crm:E2_Temporal_Entity,steven.teasdale@alumni.utoronto.ca,true
26264,Occupation,cidoc-crm:E2_Temporal_Entity,steven.teasdale@alumni.utoronto.ca,true
26239,Occupation,cidoc-crm:E2_Temporal_Entity,steven.teasdale@alumni.utoronto.ca,true
26195,Occupation,cidoc-crm:E2_Temporal_Entity,steven.teasdale@alumni.utoronto.ca,true
26194,Occupation,cidoc-crm:E2_Temporal_Entity,steven.teasdale@alumni.utoronto.ca,true
26113,Occupation,cidoc-crm:E2_Temporal_Entity,steven.teasdale@alumni.utoronto.ca,true
26110,Occupation,cidoc-crm:E2_Temporal_Entity,steven.teasdale@alumni.utoronto.ca,true
26084,Occupation,cidoc-crm:E2_Temporal_Entity,steven.teasdale@alumni.utoronto.ca,true
26052,Occupation,cidoc-crm:E2_Temporal_Entity,steven.teasdale@alumni.utoronto.ca,true
26036,Occupation,cidoc-crm:E2_Temporal_Entity,steven.teasdale@alumni.utoronto.ca,true
26025,Occupation,cidoc-crm:E2_Temporal_Entity,steven.teasdale@alumni.utoronto.ca,true
